name,borough_name,website,os_addressbase_uprn,borough_code,ward_2018_name,ward_2018_code,address1,address2,address3,longitude,latitude,easting,northing,runtime
Cineworld Cinema London Wembley,,,,,,,Stadium Way,,,-0.28371052470183833,51.55685619721717,519078.5460051069,185614.34662150295,01/10/2021
Showcase Newham,Newham,,010008989589,E09000025,Beckton,E05000475,,Jenkins Ln,,0.08120937490833857,51.52634159580009,544470.9608409235,182877.92324266903,01/10/2021
David Lean Cinema,Croydon,,200001222331,E09000008,Fairfield,E05011468,,Katherine St,,-0.09898276583837269,51.37216277286955,532416.9641191126,165392.92799365433,01/10/2021
Vue Croydon,Croydon,,010001004802,E09000008,Fairfield,E05011468,,14 High St,,-0.10106037448928062,51.37299684357661,532269.9641586471,165481.92796987988,01/10/2021
Vue Croydon Purley Way,Croydon,,100022906148,E09000008,Broad Green,E05011465,Valley Park Leisure Complex,21 Hesterman Way,,-0.12450070304906824,51.37812234849377,530623.9646087349,166009.92782629275,01/10/2021
Odeon Beckenham,Bromley,,010003626016,E09000006,Copers Cope,E05000113,,The High Street,,-0.031376362986825404,51.407106814193064,537017.9628681395,169402.92690423894,01/10/2021
Odeon Kingston,Kingston upon Thames,,000128004717,E09000021,Grove,E05000408,,Clarence Street,,-0.2993418794085,51.41170694687227,518369.96793997067,169447.92689036264,01/10/2021
Odeon Wimbledon,Merton,,000048105080,E09000024,Dundonald,E05000459,,39 The Broadway,,-0.20489884217573903,51.41961437263562,524915.9661586691,170483.92660923215,01/10/2021
Odeon Streatham,Lambeth,,200000481977,E09000022,Streatham Wells,E05000432,,47-49 High Road,,-0.12803104569782592,51.4320905064939,530224.9647144872,172004.9261970173,01/10/2021
West Norwood Library And Picturehouse,Lambeth,,010000446790,E09000022,Gipsy Hill,E05000422,1-7 Norwood High St,West Norwood,,-0.10329769884791265,51.43320346613575,531940.9642503322,172172.92614886502,01/10/2021
Cineworld Felham,Hounslow,www.cineworld.co.uk,100023517705,E09000018,Hanworth Park,E05000354,Leisure west,Air Park Way,,-0.40457378259497034,51.44390484979243,510973.9699517116,172863.9259624165,01/10/2021
Cineworld Wandsworth,Wandsworth,www.cineworld.co.uk,010070239837,E09000032,Southfields,E05000624,,Southside Shopping Centre,Wandsworth High Street,-0.19340479653388074,51.453961180309484,525620.9659692572,174322.92556658003,01/10/2021
Curzon Richmond,Richmond upon Thames,,100023409354,E09000027,South Richmond,E05000528,,Water Lane,Richmond,-0.30682912599654005,51.459286363371355,517726.9681142294,174726.92545578856,01/10/2021
Odeon Richmond,Richmond upon Thames,,010002264393,E09000027,South Richmond,E05000528,,72 Hill Street,,-0.30555771928582826,51.45941187901456,517814.9680906436,174742.92545149295,01/10/2021
East Dulwich Picturehouse & Cafe,Southwark,,010091663747,E09000028,Goose Green,E05011103,,116a Lordship Lane,East Dulwich,-0.07630989916758434,51.456441726483455,533748.9637579381,174805.92543404078,01/10/2021
Cineworld Bexleyheath,Bexley,www.cineworld.co.uk,010011845030,E09000004,Bexleyheath,E05011219,,28-70 Broadway,,0.14998418285968407,51.45608878955474,549470.9594821713,175203.92532668292,01/10/2021
Ritzy Picturehouse,Lambeth,,100023570920,E09000022,Coldharbour,E05000420,,Brixton Oval,Coldharbour Lane,-0.11461542433051525,51.461272917832936,531073.9644838762,175273.92530841072,01/10/2021
Clapham Picturehouse,Lambeth,,100023362688,E09000022,Clapham Town,E05000419,,76 Venn Street,,-0.13823059650269745,51.46254063065165,529429.9649319783,175372.92528013117,01/10/2021
Odeon Putney,Wandsworth,,100023311345,E09000032,Thamesfield,E05000625,,26 Putney High Street,,-0.21392427758147653,51.46517461451661,524164.9663637178,175534.92523832148,01/10/2021
Whirled Cinema,Lambeth,https://www.whirledcinema.com/,010023854149,E09000022,Herne Hill,E05000423,259-260 Hardess Street,Loughborough Junction,,-0.10145769145922888,51.46508930049699,531976.9642397987,175721.92518542212,01/10/2021
Peckhamplex,Southwark,,200003394590,E09000028,Rye Lane,E05011113,,95a Rye Lane,Peckham,-0.06819515570935591,51.470743496554356,534270.7636047961,176411.11500000197,01/10/2021
Olympic Cinema,Richmond upon Thames,,010070710572,E09000027,Barnes,E05000516,,117-123 Church Road,Barnes,-0.2407563931913734,51.47521924840952,522274.40687756217,176606.81490059476,01/10/2021
Curzon Goldsmiths,Lewisham,,100023238053,E09000023,Brockley,E05000439,Goldsmiths University of London,Richard Hoggart Building,"Lewisham Way, New Cross",-0.03537519760949177,51.47414396213318,536539.962997398,176849.9248792684,01/10/2021
Deptford Cinema,Lewisham,,100021951303,E09000023,Brockley,E05000439,,39 Deptford Broadway,,-0.02466513082015213,51.474395585048136,537282.9627959285,176897.92486653395,01/10/2021
Vue Cinema Fulham Broadway,Hammersmith and Fulham,,000034131058,E09000013,Parsons Green and Walham,E05000260,Fulham Broadway Retail Centre,Fulham Rd,,-0.1944915146069944,51.48041644797003,525472.9660085883,177262.92476769112,01/10/2021
Greenwich Picturehouse,Greenwich,,200001082727,E09000011,Greenwich West,E05000222,,180 Greenwhich Rd,,-0.009671084561710895,51.47943879088779,538308.9625193833,177486.9247061665,01/10/2021
Watermans Art Centre,Hounslow,,100023407377,E09000018,Brentford,E05000347,,40 High St,,-0.29804236880536034,51.485768358580174,518268.9679666694,177685.9246524641,01/10/2021
Riverside Studios,Hammersmith and Fulham,,000034158197,E09000013,Fulham Reach,E05000255,,65 Aspenlea Rd,Hammersmith,-0.2178377058088614,51.485894103167674,523837.08644961636,177832.34459478903,01/10/2021
Cineworld Fulham Road,Kensington and Chelsea,www.cineworld.co.uk,000217101389,E09000020,Redcliffe,E05009402,,142 Fulham Road,,-0.17940385244619605,51.48715248417167,526501.9657274454,178037.9245555625,01/10/2021
Curzon Chelsea,Kensington and Chelsea,,000217047105,E09000020,Stanley,E05009405,,206 King's Road,,-0.16748149271288,51.48812685261667,527326.9655019962,178166.92452264368,01/10/2021
Odeon Greenwich,Greenwich,,010010223864,E09000011,Peninsula,E05000225,,Bugsby Way,,0.012774430798719726,51.49057602569898,539833.4420845669,178767.97434652684,01/10/2021
Odeon Tottenham Court Road,Camden,,000005045114,E09000007,Bloomsbury,E05000129,,30 Tottenham Court Road,,-0.1324296495680491,51.51822109449809,529674.9648641077,181574.92359573947,01/10/2021
Cine Lumiere,Kensington and Chelsea,https://www.institut-francais.org.uk/cine-lumiere/,000217072593,E09000020,Brompton & Hans Town,E05009389,Institut Francais,17 Queensberry Place,,-0.17719283371926248,51.494555076489625,526634.9656907829,178864.92433233547,01/10/2021
Curzon Victoria,City of Westminster,,010033621426,E09000033,St. James's,E05000644,,58 Victoria Street,,-0.1368125895401744,51.49771545323764,529428.9649303854,179286.92421801557,01/10/2021
Odeon Surrey Quays,Southwark,,010009803337,E09000028,Surrey Docks,E05011117,,Surrey Quays Shopping Centre,Redriff Rd,-0.04329371145666092,51.49637198695978,535923.9631668453,179306.92421304574,01/10/2021
Kino Bermondsey,Southwark,,010013529054,E09000028,London Bridge & West Bermondsey,E05011104,,10 Bermondsey Square,,-0.08082088733880326,51.497694928929846,533315.3338726063,179385.04418495315,01/10/2021
Imperial College Union Cinema,City of Westminster,,010033585054,E09000033,Knightsbridge and Belgravia,E05000637,Imperial College,Beit Quad,Prince Consort Rd,-0.17815075941996605,51.50027797393275,526552.625687365,179499.6641504179,01/10/2021
BFI IMAX,Lambeth,,200000488784,E09000022,Bishop's,E05000416,1 Charlie Chaplin Walk,Lambeth,,-0.11362585304950085,51.504817787684445,531017.9644989789,180117.92399171443,01/10/2021
Cineworld The O2 Greenwich,Greenwich,www.cineworld.co.uk,010010224824,E09000011,Peninsula,E05000225,,The O2,Peninsula Square,0.004537684473101965,51.50302657485065,539223.6822414082,180136.7839707443,01/10/2021
"Vue Shepherd's Bush



",Hammersmith and Fulham,,000034141269,E09000013,Shepherd's Bush Green,E05000263,Westfield London Shopping Centre,Ariel Way,"
",-0.2214018558622982,51.50759868766784,523530.96653453144,180239.92395724682,01/10/2021
Curzon Mayfair,City of Westminster,,100023476131,E09000033,West End,E05000649,,38 Curzon Street,,-0.14754622596183023,51.50659042419093,528658.9651404185,180254.92395567236,01/10/2021
ICA,City of Westminster,,100023349547,E09000033,St. James's,E05000644,,The Mall,,-0.13109718060684084,51.50641041249607,529800.9648308733,180263.9239526004,01/10/2021
BFI Southbank,Lambeth,,200000480097,E09000022,Bishop's,E05000416,,Belvedere Road,Southbank,-0.11593736463574636,51.506946203533744,530851.4545342138,180350.47391507734,01/10/2021
Gate Picturehouse,Kensington and Chelsea,,010091855182,E09000020,Campden,E05009390,,87 Notting Hill Gate,,-0.19724822777492632,51.50874072662205,525203.966079745,180407.9239137718,01/10/2021
Everyman Canary Wharf,Tower Hamlets,,000006198197,E09000030,Canary Wharf,E05009323,,Crossrail Place Level -2,Canary Wharf,-0.017815954365852316,51.506132842706855,537662.9626954143,180439.9239020645,01/10/2021
Empire Cinema Haymarket,City of Westminster,,010033536286,E09000033,St. James's,E05000644,,63-65 Haymarket,,-0.13228361517456536,51.50875842588974,529711.9648557504,180522.92388199153,01/10/2021
Curzon Mondrian London,Southwark,,010091666184,E09000028,Borough & Bankside,E05011095,,20 Upper Ground,,-0.10693899375726656,51.50844385308945,531471.5843698576,180533.12382955523,01/10/2021
Vue Piccadilly,City of Westminster,,010033542264,E09000033,St. James's,E05000644,,19 Lower Regent Street,,-0.13446639859052645,51.50894603870731,529559.9648973944,180539.92387781182,01/10/2021
Odeon Luxe Haymarket,City of Westminster,,100023349513,E09000033,St. James's,E05000644,,11-18 Panton Street,,-0.13124387156828907,51.5095152398358,529781.9648364383,180608.9238583388,01/10/2021
Odeon Panton Street,City of Westminster,,100023349513,E09000033,St. James's,E05000644,,11-18 Panton Street,,-0.13124387156828907,51.5095152398358,529781.9648364383,180608.9238583388,01/10/2021
Cineworld West India Quay,Tower Hamlets,www.cineworld.co.uk,000006136934,E09000030,Canary Wharf,E05009323,,Hertsmere Road,West India Quay,-0.02285465239097832,51.507908605317965,537307.9627932303,180627.9238513208,01/10/2021
Picturehouse Central,City of Westminster,,100023472818,E09000033,St. James's,E05000644,,20-24 Shaftesbury Avenue,Piccadilly,-0.13355173608333049,51.51087391597319,529617.9648809083,180755.92381873517,01/10/2021
Empire Leicester Square,City of Westminster,,010091946844,E09000033,St. James's,E05000644,,5-6 Leicester Square,,-0.13043903475199176,51.51086930933712,529833.9648219428,180760.92381678958,01/10/2021
Ham Yard Hotel,City of Westminster,,010033623171,E09000033,West End,E05000649,,1 Ham Yard,,-0.13457810651833316,51.511163531263094,529545.9248613697,180786.3137642382,01/10/2021
Prince Charles Cinema,City of Westminster,,010033537357,E09000033,St. James's,E05000644,,7 Leicester Place,,-0.13021163514193926,51.5114951757118,529847.9648180046,180830.92379768984,01/10/2021
Empire Cinemas Walthamstow,City of Westminster,,100023431525,E09000033,St. James's,E05000644,Leicester Square,3 Cranbourn St,,-0.12953325312020852,51.51152033109956,529894.9648051863,180834.92379647994,01/10/2021
Vue Leicester Square,City of Westminster,,100023431525,E09000033,St. James's,E05000644,,Leicester Square,3 Cranbourn St,-0.12953325312020852,51.51152033109956,529894.9648051863,180834.92379647994,01/10/2021
Curzon Soho,City of Westminster,,010091855706,E09000033,West End,E05000649,,99 Shaftesbury Avenue,,-0.13046107725955713,51.51279410423693,529826.9648234821,180974.923758529,01/10/2021
Odeon The Lounge,City of Westminster,,010033542077,E09000033,Lancaster Gate,E05000638,,Queensway,,-0.18871590826672446,51.51458040366162,525779.9659239135,181071.92373277963,01/10/2021
Odeon Whiteleys,City of Westminster,,010033542077,E09000033,Lancaster Gate,E05000638,,Queensway,,-0.18871590826672446,51.51458040366162,525779.9659239135,181071.92373277963,01/10/2021
Soho Hotel,City of Westminster,,010033525382,E09000033,West End,E05000649,,4 Richmond Mews,,-0.13362842352180448,51.51393266071949,529603.9648837905,181095.92372605985,01/10/2021
Electric Cinema (Portobello),Kensington and Chelsea,,000217069435,E09000020,Colville,E05009392,,191 Portobello Road,Notting Hill Gate,-0.20506588997293446,51.51552415786374,524642.9662340509,181148.92371255212,01/10/2021
Odeon Covent Garden,Camden,,000005083631,E09000007,Holborn and Covent Garden,E05000138,,135 Shaftesbury Avenue,,-0.1282365413207355,51.51432336389532,529976.964782514,181148.9237108284,01/10/2021
Covent Garden Hotel,Camden,,000005046977,E09000007,Holborn and Covent Garden,E05000138,,10 Monmouth Street,,-0.127059925748823,51.514547387188124,530057.964760531,181175.9237033166,01/10/2021
Regent Street Cinema,City of Westminster,,010033542315,E09000033,West End,E05000649,,309 Regent Street,,-0.14334134914285693,51.516793607095366,528921.9650684628,181396.92364509642,01/10/2021
Charlotte Street Hotel,City of Westminster,https://www.firmdalehotels.com/hotels/london/charlotte-street-hotel/film-club/,100023467443,E09000033,West End,E05000649,,15-17 Charlotte Street,,-0.13503171619207033,51.51838838777259,529493.9649130576,181588.9235922924,01/10/2021
Everyman Baker Street,City of Westminster,,010033604376,E09000033,Marylebone High Street,E05000641,,96-98 Baker St,,-0.15653622482814644,51.52055382356004,527995.9653205333,181791.92353678262,01/10/2021
Barbican Centre,City and County of the City of London,,200000072615,E09000001,Cripplegate,E05009302,,Silk Street,,-0.09410258685676255,51.51996070969431,532328.9641439863,181836.92352561821,01/10/2021
Genesis Cinema,Tower Hamlets,,000006033507,E09000030,Bethnal Green,E05009317,,93-95 Mile End Road,Stepney,-0.05121250225636654,51.52146759893419,535299.9633377406,182082.9234572698,01/10/2021
Vue Action,Ealing,,000012148223,E09000009,East Acton,E05000175,Royale Leisure Park,Western Ave,Park Royal,-0.28128645734994784,51.52571185088234,519327.9676818377,182154.92343682243,01/10/2021
Curzon Bloomsbury,Camden,,000005066588,E09000007,Bloomsbury,E05000129,,The Brunswick Centre,,-0.12314823800442182,51.52415206648934,530301.9646965208,182250.92341214855,01/10/2021
Close-Up Film Centre,Tower Hamlets,,000006002778,E09000030,Weavers,E05009335,,97 Sclater Street,,-0.07203505961945629,51.52367213171292,533849.0037098064,182289.77337799576,01/10/2021
Birkbeck Cinema,Camden,http://blogs.bbk.ac.uk/bimi/portfolio-item/current-programme/,010091886228,E09000007,Bloomsbury,E05000129,"Birkbeck, University of London",43 Gorden Square,"Birkbeck, University of London",-0.13031966256803248,51.52468922786725,529802.9648320415,182297.92340072634,01/10/2021
Electric Cinema (Shoreditch),Tower Hamlets,,000006002678,E09000030,Weavers,E05009335,,64-66 Redchurch Street,Shoreditch,-0.07390944396792726,51.52436076980726,533716.9637674789,182362.92338227615,01/10/2021
Rich Mix,Tower Hamlets,,000006150258,E09000030,Weavers,E05009335,,35-47 Bethnal Green Road,,-0.07327520111874158,51.52435933627127,533760.963755657,182363.92338203464,01/10/2021
Everyman Maida Vale,City of Westminster,,100023509417,E09000033,Little Venice,E05000639,,215 Sutherland Ave,,-0.18172482089476744,51.52798819310086,526227.9658013175,182574.92332378373,01/10/2021
"Vue Islington 




",Islington,,010001296728,E09000019,St. Mary's,E05000379,Angel Central,Central Shopping Mall,36 Parkfield Street,-0.10599293766235238,51.53423596178723,531462.9643827782,183402.92309988663,01/10/2021
The Lexi Cinema,Brent,,000202195465,E09000005,Brondesbury Park,E05000087,,194b Chamberlyne Road,Kensal Rise,-0.2225971158193454,51.537589161089834,523366.96658047015,183572.92305263336,01/10/2021
Vue Dagenham,Barking and Dagenham,,010091589789,E09000002,Goresbrook,E05000033,Dagenham Leisure Park,Cook Road,,0.13578671165231446,51.53209601906208,548237.9598197495,183626.92303951964,01/10/2021
Everyman Screen on the Green,Islington,,005300094504,E09000019,St. Mary's,E05000379,,83 Upper Street,Islington,-0.10371981890475367,51.53688803726585,531612.9643404575,183701.9230188497,01/10/2021
Everyman Kings Cross,Camden,,000005172384,E09000007,St. Pancras and Somers Town,E05000143,,14-18 Handyside Street,King's Cross,-0.12735968704957834,51.537447670111675,529971.9647859756,183721.92301198596,01/10/2021
Odeon Camden Town,Camden,,000005025285,E09000007,Camden Town with Primrose Hill,E05000130,,14 The Parkway,,-0.14411793722901203,51.5391617498863,528804.9651030006,183882.92296886828,01/10/2021
Odeon Uxbridge,Hillingdon,,010003003209,E09000017,Uxbridge North,E05000340,,302 The Chimes Shopping Centre,,-0.4755378286628746,51.54514957062954,505807.9713546083,184017.92293241987,01/10/2021
Odeon Swiss Cottage,Camden,,000005039447,E09000007,Swiss Cottage,E05000144,,96 Finchley Road,,-0.17448531284539814,51.54245283093641,526689.9656756961,184195.9228836127,01/10/2021
Tricycle Cinema,Brent,,000202124574,E09000005,Kilburn,E05000094,,269 Kilburn High Road,,-0.20013477279500091,51.54297499935986,524909.9661632153,184209.92287983088,01/10/2021
Stratford East Picturehouse,Newham,,010008985556,E09000025,Stratford and New Town,E05000492,,Gerry Raffell Square,Salway Road,0.0015129210852606204,51.543052912914526,538891.9623587552,184581.92277868988,01/10/2021
Vue Westfield Stratford,Newham,,010090326480,E09000025,Stratford and New Town,E05000492,2 Stratford Place,Westfield Stratford City,"Stratford 
",-0.006869892859476473,51.54329457637459,538309.9625178411,184592.9227757345,01/10/2021
Hackney Picturehouse,Hackney,,100023014120,E09000012,Homerton,E05009376,,270 Mare Street,,-0.05498696304590256,51.54485700786173,534968.9634266127,184676.9227538887,01/10/2021
Vue Finchley Road,Camden,,000005125686,E09000007,West Hampstead,E05000145,02 Centre,255 Finchley Rd,,-0.1813903737447105,51.54794663164849,526195.9658099768,184794.92272102006,01/10/2021
JW3,Camden,,000005164899,E09000007,West Hampstead,E05000145,,341-351 Finchley Road,,-0.18439980803431555,51.55096978151033,525978.965868678,185125.92263142148,01/10/2021
Everyman Belsize Park,Camden,,000005050403,E09000007,Belsize,E05000128,,203 Haverstock Hill,,-0.16604794885090168,51.550720375792345,527251.9655263886,185129.92263197328,01/10/2021
Rio Cinema,Hackney,,100023015558,E09000012,Dalston,E05009370,,107 Kingsland High Street,,-0.07569805352971806,51.54963225639534,533518.9638189867,185169.9226187155,01/10/2021
The Castle Cinema,Hackney,,100023544617,E09000012,King's Park,E05009379,,"First Floor, 64-66 Brooksby's Walk",,-0.04330282813087886,51.551290424491484,535759.9632103133,185413.9225527143,01/10/2021
Cineworld Wembley,Brent,www.cineworld.co.uk,000202206309,E09000005,Tokyngton,E05000102,,Wembley Park Blvd,,-0.28347998392793294,51.556687143992036,519094.9677409852,185595.9225018323,01/10/2021
Cineworld South Ruislip,Hillingdon,,010092984334,E09000017,South Ruislip,E05000338,,The Old Dairy,Victoria Rd,-0.4000597046058027,51.55907316584616,511007.78994990536,185678.14244910842,01/10/2021
Everyman Hampstead,Camden,,000005090728,E09000007,Frognal and Fitzjohns,E05000133,,5 Hollybush Vale,Hampstead,-0.1790030131655051,51.55644354139529,526337.9657718393,185743.92246252712,01/10/2021
Odeon Holloway,Islington,,005300048412,E09000019,St. George's,E05000378,419-427 Holloway Rd,,Holloway,-0.1214508597330454,51.55871978847875,530320.9646913394,186097.9223670056,01/10/2021
Balik Arts,Hackney,,010008332171,E09000012,Stoke Newington,E05009385,,The Basement,86 Stoke Newington High Street,-0.07392602906353701,51.559153331700294,533613.963794268,186231.9223293136,01/10/2021
Cineworld Illford,Redbridge,,010034911858,E09000026,Ilford Town,E05011246,,Clements Rd,,0.07467943870572194,51.55791129643244,543918.4809515828,186375.6222409201,01/10/2021
Vue Harrow,Harrow,,200000313205,E09000015,Greenhill,E05000288,,St Anns Road,,-0.3389527772588896,51.581467510914585,515186.968804012,188262.92177885486,01/10/2021
Vue Romford,Havering,,200002674389,E09000016,Romford Town,E05000319,,1-15 Waterloo Rd,,0.18008357892377302,51.574906297250664,551168.298988479,188477.8816821595,01/10/2021
Crouch End Picturehouse,Haringey,,100023207152,E09000014,Crouch End,E05000269,,165 Tottenham Lane,,-0.12064586573933259,51.58140391743415,530311.964691343,188621.92167999502,01/10/2021
Arthouse Crouch End,Haringey,,100023208418,E09000014,Crouch End,E05000269,,159A Tottenham Lane,Crouch End,-0.11996419698498999,51.58183362620969,530357.9646785245,188670.92166666687,01/10/2021
Empire Walthamstow,Waltham Forest,,200001433603,E09000031,High Street,E05000599,,267 High St,Walthamstow,-0.020158836959272595,51.585011431172894,537262.9628026754,189206.921520515,01/10/2021
Phoenix (East Finchley),Barnet,,000200061366,E09000003,East Finchley,E05000049,,52 High Road,East Finchley,-0.16365964299659067,51.588507610795816,527312.0355158176,189336.17148451367,01/10/2021
Everyman Muswell Hill,Haringey,,100023143835,E09000014,Muswell Hill,E05000274,,Fortis Green Rd,,-0.14619162469620622,51.58960664839512,528518.9651806729,189488.92144526268,01/10/2021
Cineworld Wood Green,Haringey,,010003977027,E09000014,Noel Park,E05000275,The Mall Wood Green,High Rd,Wood Green,-0.10954952820054943,51.594552360051004,531042.9644951356,190103.92127798568,01/10/2021
Odeon South Woodford,Redbridge,,010034922603,E09000026,South Woodford,E05011252,,60-64 High Road,,0.023194376665902332,51.594558889262295,540236.9619946638,190350.92120930203,01/10/2021
Odeon South Woodford,Redbridge,,010034922603,E09000026,South Woodford,E05011252,,60-64 High Road,,0.023194376665902332,51.594558889262295,540236.9619946638,190350.92120930203,01/10/2021
Vue Wood Green,Haringey,,010003971546,E09000014,Noel Park,E05000275,Hollywood Green,180 High Road,,-0.10865972600022608,51.59685806012839,531097.9644803049,190361.92120839522,01/10/2021
Vue North Finchley,Barnet,,000200217093,E09000003,Woodhouse,E05000063,Great North Leisure Park,Chaplin Square,,-0.1732859713647746,51.603837978040694,526602.5957063192,191024.2609939052,01/10/2021
Vue North Finchley,Barnet,,000200217093,E09000003,Woodhouse,E05000063,Great North Leisure Park,Chaplin Square,,-0.1732859713647746,51.603837978040694,526602.5957063192,191024.2609939052,01/10/2021
Odeon Lee Valley,Enfield,,000207190597,E09000010,Jubilee,E05000203,,Picketts Lock Lane,Edmonton,-0.03723820583872672,51.63319203340282,535935.9631616126,194532.92007372796,01/10/2021
Cineworld Enfield,Enfield,www.cineworld.co.uk,000207192143,E09000010,Southbury,E05000207,Southbury Leisure Centre,208 Southbury Rd,,-0.06087981115728074,51.650087083307135,534249.9636229549,196367.91957500885,01/10/2021
Curzon Aldgate,Tower Hamlets,,000006701865,E09000030,Whitechapel,E05009336,2 Canter Way,2 Canter Way,Goodman's Fields,-0.0688055405327934,51.51381826240609,534101.963660734,181199.92369815183,01/10/2021
Sands Film Cinema,Southwark,,010025575039,E09000028,Borough & Bankside,E05011095,82 St Marychurch St,42 Newighton Causeway,,-0.09779864558330882,51.49861795071534,532134.2641846093,179456.92417090398,01/10/2021
