name,address1,address2,address3,borough_name,website,os_addressbase_uprn,borough_code,ward_2018_name,ward_2018_code,longitude,latitude,easting,northing,runtime
She Bar,23a Old Compton Street,Soho,,City of Westminster,http://she-soho.com,,E09000033,West End,E05000649,-0.132482839548698,51.51371521602699,529684.0677400077,181073.77110982564,01/03/2021
Circa,62 Frith Street,Soho,,City of Westminster,http://www.circasoho.com/biography/,,E09000033,West End,E05000649,-0.13384934218084063,51.514833946844114,529586.0795662646,181195.7568767757,01/03/2021
Queen Adelaide of Cambridge Heath ,483 Hackney Road,Bethnal Green,,Tower Hamlets,https://www.thequeenadelaide.com,,E09000030,St. Peter's,E05009331,-0.0603703564161715,51.53307229398471,534630.437599391,183356.50948857976,01/03/2021
The Cock Tavern ,"340 Kennington Road
",,,Lambeth,,,E09000022,Oval,E05000426,-0.11163793035359745,51.48640229488746,531208.764326548,178073.66442469304,01/03/2021
The Apple Tree ,45 Mount Pleasant,,,Camden,,,E09000007,Holborn and Covent Garden,E05000138,-0.11203236194647426,51.52348809748652,531074.9643641624,182196.92330480728,01/03/2021
Rose and Crown ,1 Crooms Hill,Greenwich,,Greenwich,,,E09000011,Greenwich West,E05000222,-0.009305334709248724,51.47922821875077,538334.9964900766,177464.19969023525,01/03/2021
Ted's Place,305a North End Road,Fulham,,Hammersmith and Fulham,http://www.tedsplaceuk.co.uk,,E09000013,North End,E05000258,-0.20414000370529242,51.48640268031557,524786.6952709911,177912.13366997225,01/03/2021
West 5 ,Popes Lane,South Ealing,,Ealing,http://www.west5ealing.co.uk/contact.html,,E09000009,Ealing Common,E05000174,-0.30454612909318574,51.499297968411184,517782.5693783921,179179.97982297564,01/03/2021
Heaven,11 The Arches,Villiers Street,,City of Westminster,,,E09000033,St. James's,E05000644,-0.1257037660009371,51.50859872176009,530169.0091084025,180516.8359602177,01/03/2021
Rupert Street,50 Rupert Street,(Winnett St),,City of Westminster,http://www.rupert-street.com,,E09000033,West End,E05000649,-0.135104349001754,51.51268690589977,529505.0907889552,180954.7841426686,01/03/2021
Freedom,60-66 Wardour Street,Soho,,City of Westminster,http://freedombarsoho.com/,,E09000033,West End,E05000649,-0.13498556166988063,51.51332915733701,529511.5119869923,181026.41322311998,01/03/2021
Ku Soho,25 Frith Street,Soho,,City of Westminster,http://www.ku-bar.co.uk,,E09000033,West End,E05000649,-0.1326148000548941,51.513594174994545,529675.2553424322,181060.07761357597,01/03/2021
Union,66 Albert Embankment,,,Lambeth,http://www.clubunion.co.uk,,E09000022,Prince's,E05000427,-0.12531973807262844,51.48846919959006,530253.0076855998,178279.0970684049,01/03/2021
The George & Dragon,2 Blackheath Hill,,,Greenwich,http://www.georgedragon.com/,,E09000011,Greenwich West,E05000222,-0.016543764921481238,51.47336229871826,537850.0601204417,176798.27587185905,01/03/2021
Above the Stag Theatre,Arch 17,Miles Street,,Wandsworth,,,E09000032,Queenstown,E05000620,-0.12738216236727537,51.48312514008094,530125.0262209233,177681.16653167072,01/03/2021
Eagle London,349 Kennington Lane,,,Lambeth,,,E09000022,Prince's,E05000427,-0.12092690932289411,51.486717450403994,530562.9696009691,178092.11832040217,01/03/2021
Halfway to Heaven,7 Duncannon Street,,,City of Westminster,,,E09000033,St. James's,E05000644,-0.12799332995035484,51.50898596573801,530009.0290522454,180555.83195001422,01/03/2021
Retro Bar,2 George Court,,,City of Westminster,http://www.retrobarlondon.co.uk,,E09000033,St. James's,E05000644,-0.12518540607412454,51.50964246395583,530202.0045993712,180633.82212822983,01/03/2021
Ku Leicester Sq/ Klub,30 Lisle Street,,,City of Westminster,http://www.ku-bar.co.uk,,E09000033,West End,E05000649,-0.13146049587608277,51.51228723808455,529759.0590199674,180916.78895242704,01/03/2021
The Yard,57 Rupert Street,,,City of Westminster,http://yardbar.co.uk/about/,,E09000033,West End,E05000649,-0.13551528419921585,51.51250461595291,529477.0942966015,180933.7868484325,01/03/2021
Duke of Wellington,77 Wardour Street,,,City of Westminster,,,E09000033,West End,E05000649,-0.13483962575170635,51.51281757765043,529523.0883840269,180969.78303854528,01/03/2021
Village,81 Wardour Street,,,City of Westminster,http://www.village-soho.co.uk/venue-details/,,E09000033,West End,E05000649,-0.13496482872606932,51.512927465710376,529514.089486433,180981.78133529203,01/03/2021
Comptons of Soho,51-53 Old Compton Street,,,City of Westminster,http://www.faucetinn.com/comptons/about/,,E09000033,West End,E05000649,-0.13416616293500533,51.51307661563382,529569.0824714338,180999.77933025587,01/03/2021
Admiral Duncan,54 Old Compton Street,,,City of Westminster,http://www.admiral-duncan.co.uk,,E09000033,West End,E05000649,-0.1338793181998275,51.513395750969664,529588.0799661694,181035.77492039616,01/03/2021
Muse Soho,23 Frith Street,,,City of Westminster,http://www.musesoho.com,,E09000033,West End,E05000649,-0.1327637905243251,51.51388114559016,529664.1030453825,181091.72530497488,01/03/2021
G-A-Y Bar,30 Old Compton Street,,,City of Westminster,,,E09000033,West End,E05000649,-0.13267158999061673,51.51403292284729,529670.069443722,181108.76630031847,01/03/2021
G-A-Y Late,5 Goslett Yard,,,City of Westminster,http://www.g-a-y.co.uk,,E09000033,West End,E05000649,-0.13247543549171362,51.51565729516139,529679.0675408576,181289.74545097322,01/03/2021
Gays the Word,66 Marchmont Street,,,Camden,http://www.gaystheword.co.uk,,E09000007,King's Cross,E05000141,-0.1267106550517051,51.526086139908145,530049.3357434495,182459.66283415002,01/03/2021
New Bloomsbury Set,76 Marchmont Street,,,Camden,http://www.newbloomsburyset.net,,E09000007,King's Cross,E05000141,-0.12710054605645754,51.526532482560356,530021.019651195,182508.60432084528,01/03/2021
Central Station (King's Cross),37 Wharfdale Road,,,Islington,,,E09000019,Caledonian,E05000368,-0.12203913489978649,51.53393266822713,530350.9748624793,183340.5072929174,01/03/2021
The White Swan,556 Commercial Road,,,Tower Hamlets,,,E09000030,Stepney Green,E05009334,-0.041792988840047764,51.51311703719505,535978.277231799,181171.7658831469,01/03/2021
Circa the Club,Hungerford House,Victoria Embankment,,City of Westminster,,,E09000033,St. James's,E05000644,-0.12203615034763014,51.507389777424166,530426.9645377835,180388.92379481468,01/03/2021
Phoenix Arts Club (Regular LGBTQ+ Programming),1 Phoenix St,West End,London,,,,,,,-0.12950143585418528,51.514331246953944,529889.1793842204,181147.55668928358,01/03/2021
Royal Vauxhall Tavern,372 Kennington Lane,,,Lambeth,,,E09000022,Prince's,E05000427,-0.12128819586115366,51.487037952111706,530536.9726081153,178127.11481068912,01/03/2021
Dalston Superstore,117 Kingsland High Street,,,Hackney,http://dalstonsuperstore.com/,,E09000012,Shacklewell,E05009382,-0.07716035500803806,51.5499743427932,533416.5824248363,185205.29358715075,01/03/2021
Vogue Fabrics Dalston,66 Stoke Newington Road,,,Hackney,http://vfdalston.com,,E09000012,Shacklewell,E05009382,-0.07621885562149688,51.55315089981178,533472.5740098413,185560.25189042394,01/03/2021
The Two Brewers,114 Clapham High Street,,,Lambeth,www.the2brewers.com,,E09000022,Clapham Town,E05000419,-0.1364252341766067,51.46369443496113,529552.106977065,175504.41932234954,01/03/2021
The Backstreet,Wentworth Mews,Burdett Road,,Tower Hamlets,http://www.thebackstreet.com/,,E09000030,Bow West,E05009320,-0.03579233135275791,51.52501715255094,536359.0866289733,182506.2321218858,01/03/2021
The Bridge Bar,8 Voltaire Road,Clapham,,Lambeth,http://www.bridgewinebar.com/#menu,,E09000022,Clapham Town,E05000419,-0.13519592452121587,51.466309434733354,529630.0959574156,175797.38454307494,01/03/2021
The Glory,281 Kingsland Road,,,Hackney,http://www.theglory.co,,E09000012,Hoxton East & Shoreditch,E05009377,-0.0787148135275043,51.53635076481132,533348.5971469982,183687.47039915452,01/03/2021
The City of Quebec,12 Old Quebec Street,Marylebone,,City of Westminster,,,E09000033,Bryanston and Dorset Square,E05000632,-0.15883479682733057,51.514554397684684,527853.2974382807,181120.76379731984,01/03/2021
The King's Arms,23 Poland Street,,,City of Westminster,,,E09000033,West End,E05000649,-0.13878493087408483,51.51572160914233,529241.1224597075,181285.74585279182,01/03/2021
The Vault,139-143 Whitfield Street,,,Camden,,,E09000007,Bloomsbury,E05000129,-0.14039925107663725,51.52417605664804,529105.2150981198,182223.04339851695,01/03/2021
The Underground Club,37 Wharfdale Road,,,Islington,http://www.unskinnybop.co.uk/about,,E09000019,Caledonian,E05000368,-0.12203913489978649,51.53393266822713,530350.9748624793,183340.5072929174,01/03/2021
King William IV,77 Hampstead High Street,,,Camden,,,E09000007,Hampstead Town,E05000135,-0.1778315593090615,51.55597849118574,526420.4588273142,185694.22965424095,01/03/2021
The Clapham Grand (Regular LGBTQ+ Programming),21-25 St John's Hill,,,,www.claphamgrand.com,,,,,-0.16858960569420775,51.4633721125707,527318.8443829371,175412.2216481673,01/03/2021
Scala (Regular LGBTQ+ Programming),275 Pentonville Road,,,,www.scala.co.uk,,,,,-0.12060941405744155,51.530785660258644,530459.1245327794,182993.10308753094,01/03/2021
Pulse,1 Invicta Plaza,Southbank,,Southwark,http://www.xxl-london.com/xxl-london/,,E09000028,Borough & Bankside,E05011095,-0.10543437595705592,51.50846914017211,531575.920624217,180538.63705512276,01/03/2021
Fire and Lightbox,39 (34-41) Parry Street,South Lambeth Road,Vauxhall,,http://firelondon.net/,,,,,-0.12530100843836994,51.48448519545354,530265.6516824148,177836.10428992083,01/03/2021
The Macbeth (Regular LGBTQ+ Programming),70 Hoxton Street,,,,www.themacbeth.co.uk,,,,,-0.08024286711077748,51.5302251030438,533260.5104703018,183003.4930853144,01/03/2021
Pod Bar/Bar CMYK,105-109 Broadway,,,,,,,,,-0.20118422748117862,51.41931810069281,525175.0440661262,170457.31359436596,01/03/2021
The Chateau,29-33 Camberwell Church St,,,,,,,,,-0.09017221928194517,51.47401131106834,532734.9701099085,176734.43888908543,01/03/2021
Rich Mix (Regular LGBTQ+ Programming),35-47 Bethnal Green Road,,,Tower Hamlets,,,,,,-0.07316521989719735,51.5243922862973,533768.496331539,182367.78855888022,01/03/2021
Hackney Attic (Regular LGBTQ+ Programming),270 Mare St,,,Hackney,,,,,,-0.05512910892376169,51.54495048150874,534958.8314072407,184687.0549289941,01/03/2021
Star of Bethnal Green (Regular LGBTQ+ Programming),359 Bethnal Green Rd,,,Hackney,,,,,,-0.062061417006912985,51.52684440901974,534531.5107260474,182660.83377865847,01/03/2021
King's Head Theatre (Regular LGBTQ+ Programming),115 Upper St,,,,www.kingsheadtheatre.com,,,,,-0.10283335323774993,51.53838383513019,531670.1242019313,183869.85285118653,01/03/2021
Victoria (Regular LGBTQ+ Programming),86 Hoe St,,,Waltham Forest,,,,,,-0.02035809301325358,51.58701203658518,537243.1432855414,189429.02793814603,01/03/2021
Hackney Showroom (Regular LGBTQ+ Programming),5 Felton St,,,,www.hackneyshowroom.com,,,,,-0.08579635413873227,51.536937911169225,532855.7882813332,183739.86868546932,01/03/2021
The Minories (Regular LGBTQ+ Programming),64-73 Minories,,,City of London,,,,,,-0.07474473774107879,51.51066714500202,533699.1047488059,180838.64827294112,01/03/2021
Limewharf (Regular LGBTQ+ Programming),Vyner St,,,,www.limewharf.org,,,,,-0.05620472119612147,51.53466885202647,534914.6233220437,183541.72793882847,01/03/2021
Oval House (Regular LGBTQ+ Programming),52-54 Kennington Oval,,,,www.ovalhouse.com,,,,,-0.11426996980237608,51.48258448337027,531036.9643722479,177644.40954284364,01/03/2021
Kolis (Regular LGBTQ+ Programming),1 Archway Rd,,,Islington,,,,,,-0.13507698030572302,51.566104434509796,529355.5143336195,186894.9473296845,01/03/2021
Soho Theatre (Regular LGBTQ+ Programming),21 Dean Street,,,Westminster,,,,,,-0.13274025880562404,51.51450501946781,529663.9647452519,181161.14238605462,01/03/2021
"Mirth, Marvel and Maud (Regular LGBTQ+ Programming)",186 Hoe Street,,,Waltham Forest,,,,,,-0.0203988732067746,51.586501664147406,537241.8532860046,189372.19475358678,01/03/2021
Arcola (Regular LGBTQ+ Programming),24 Ashwin Street,,,Hackney,,,,,,-0.0746767930071141,51.54692676304922,533597.6824756002,184870.93037777598,01/03/2021
The Yard Theatre (Regular LGBTQ+ Programming),Queen's Yard,,,Tower Hamlets,,,,,,-0.023384897015220472,51.54263911974798,537166.7908073808,184488.97738208453,01/03/2021
Camden People's Theatre (Regular LGBTQ+ Programming),58-60 Hampstead Rd,,,Camden,,,,,,-0.13830695251901262,51.52615763436052,529244.7461611482,182447.08733817755,01/03/2021
The Garage (Regular LGBTQ+ Programming),20-22 Highbury Corner,,,Islington,,,,,,-0.10371679469981025,51.54670842024193,531584.8548229013,184793.97729852848,01/03/2021
The Cause (Regular LGBTQ+ Programming),Ashley House,,,Haringey,,,,,,-0.062176540655198426,51.58998341564052,534337.6062762302,189681.8426688271,01/03/2021
The Old Ship (Regular LGBTQ+ Programming),17 Barnes Street,,,Tower Hamlets,,,,,,-0.039875405699499586,51.51356447420017,536109.9943962017,181225.08266894205,01/03/2021
DIY Space for London (Regular LGBTQ+ Programming),96-108 Ormside Street,,,Southwark,https://diyspaceforlondon.org/,,,,,-0.05547423156462301,51.4829075802266,535118.3057651948,177787.14860313508,01/03/2021
Redon (Regular LGBTQ+ Programming),289 Railway Arches,,,,https://redonlive.com/,,,,,-0.0758867402542304,51.5338862218536,533551.9312926293,183418.5674717977,01/03/2021
Bethnal Green Working Menâs Club (Regular LGBTQ+ Programming),42-44 Pollard Row,,,,www.workersplaytime.net,,,,,-0.06394085643572017,51.52810709446898,534397.4284624322,182797.7941412041,01/03/2021
Karoke Hole,95 Kingsland High St,Dalston,London,,,,,,,-0.07547062066406335,51.549377871896446,533535.4756923958,185142.04980416602,01/03/2021
Tina We Salute You (Regular LGBTQ+ Programming),Victory Parade,,,,,,,,,-0.012690000113940173,51.546419999774294,537896.9551087146,184929.49636097823,01/03/2021
