name,address1,address2,address3,borough_name,website,os_addressbase_uprn,borough_code,ward_2018_name,ward_2018_code,longitude,latitude,easting,northing,runtime
Troubadour Wembley Park Theatre,Fulton Road,,,,,,,,,-0.2817884536759514,51.56085053698574,519201.3516905481,186061.6633533293,01/10/2021
"Assembly Rooms, Surbiton",138 Maple Road, Surbiton,NA,Kingston upon Thames,NA,128012933,E09000021,Grove,E05000408,-0.3084259634104032,51.396239372785324,517777.90937828174,167713.3055407884,01/10/2021
George Wood Theatre ,Goldsmith's College, University of London,NA,Lewisham,NA,100023000000,E09000023,New Cross,E05000449,-0.03771247917133249,51.47568861221421,536373.0467212389,177017.33281134232,01/10/2021
Greenwich & Lewisham Young People's Theatre,The Tramshed, 51-53 Woolwich New Road,NA,Greenwich,http://www.glypt.co.uk/,100023000000,E09000011,Woolwich Riverside,E05000230,0.0663930789412,51.490012927078496,543557.3260680145,178809.08852427657,01/10/2021
Piccadilly Theatre,16 Denman St, Soho,NA,City of Westminster,https://www.piccadillytheatre.org/,100023000000,E09000033,West End,E05000649,-0.13698033213759486,51.51156528850338,529378.1003236996,180826.74397775275,01/10/2021
Bacon's College Theatre,Timber Pond Road, Rotherhithe,NA,Southwark,NA,200003000000,E09000028,Rotherhithe,E05011112,-0.04386252398093959,51.502875561798646,535865.1417606332,180029.0658941947,01/10/2021
Courtyard Theatre,40 Pitfield Street,NA,NA,Hackney,NA,10091002509,E09000012,Hoxton West,E05009378,-0.08496288918437335,51.52838974209928,532938.4817561687,182790.80704321602,01/10/2021
Dugdale Arts Centre,39 London Road, Enfield,NA,Enfield,https://www.dugdalecentre.co.uk/,207007119,E09000010,Grange,E05000200,-0.08231178294641245,51.65033224944441,532766.6298036426,196356.0337556316,01/10/2021
Bloomsbury Theatre,15 Gordon St, Bloomsbury,NA,Camden,https://www.thebloomsbury.com/,5007085,E09000007,Bloomsbury,E05000129,-0.1345818622860995,51.52583300840003,529504.0604914414,182417.56864702806,01/10/2021
Etcetera Theatre,265 Camden High St,NA,NA,Camden,http://www.etceteratheatre.com/,5007472,E09000007,Camden Town with Primrose Hill,E05000130,-0.14555410827825083,51.54065446198819,528701.1626091765,184046.38960208115,01/10/2021
KOKO,1A Camden High St, Kings Cross,NA,Camden,http://www.koko.uk.com/,5023741,E09000007,Regent's Park,E05000142,-0.14087645906001514,51.53549101727448,529040.1264173805,183480.43925645883,01/10/2021
Phoenix Theatre,110 Charing Cross Road,NA,NA,City of Westminster,NA,5037592,E09000033,West End,E05000649,-0.13131825786002932,51.51517556148136,529760.7230188728,181238.22536485514,01/10/2021
Shaftesbury Theatre,210 Shaftesbury Ave,NA,NA,Camden,http://www.shaftesburytheatre.com/,5038488,E09000007,Holborn and Covent Garden,E05000138,-0.127702348826003,51.5167859675125,530007.0193520448,181423.71551391692,01/10/2021
Conway Hall,25 Red Lion Square,NA,NA,Camden,https://conwayhall.org.uk/,5048256,E09000007,Holborn and Covent Garden,E05000138,-0.11991920012841055,51.52030279323144,530536.9614098074,181828.63090356463,01/10/2021
Theatro Technis,26 Crowndale Rd, Kings Cross,NA,Camden,http://www.theatrotechnis.com/,5061419,E09000007,St. Pancras and Somers Town,E05000143,-0.13576398548108515,51.53604906665467,529393.1030219941,183551.51513744588,01/10/2021
Tristan Bates Theatre,1A Tower St, London,NA,City of Westminster,https://www.tristanbatestheatre.co.uk/,5077305,E09000033,West End,E05000649,-0.12968409296420888,51.5137962091418,529878.0272873291,181087.73610559432,01/10/2021
Lion and Unicorn Theatre,42-44 Gaisford St, Kentish Town,NA,Camden,http://www.lionandunicorntheatre.co.uk/,5082943,E09000007,Kentish Town,E05000139,-0.14142272432030928,51.54861882368309,528965.138336815,184939.30596009013,01/10/2021
Dominion Theatre,268-269 Tottenham Court Rd, Fitzrovia,NA,Camden,https://www.nederlander.co.uk/dominion-theatre,5083050,E09000007,Bloomsbury,E05000129,-0.13124801330240046,51.5174718389579,529759.0728190055,181493.6981953667,01/10/2021
Shaw Theatre,100-110 Euston Rd, Kings Cross,NA,Camden,https://www.shaw-theatre.com/,5083194,E09000007,St. Pancras and Somers Town,E05000143,-0.12971742775567804,51.52915480473698,529832.0423028546,182795.5668428407,01/10/2021
Embassy Theatre,The Royal Central School of Speech and Drama, 62-64 Eton Ave,NA,Camden,https://www.cssd.ac.uk/content/facilities,5084778,E09000007,Frognal and Fitzjohns,E05000133,-0.1757821912485239,51.54483350251209,526593.4342802466,184458.41599044687,01/10/2021
Cambridge Theatre,Earlham Street,NA,NA,Camden,http://www.reallyusefultheatres.co.uk/our-theatres/cambridge,5089373,E09000007,Holborn and Covent Garden,E05000138,-0.12798826395696675,51.51402121910827,529995.0510555393,181115.76549770986,01/10/2021
Haverstock School Theatre ,Haverstock School, 24 Haverstock Hill,NA,Camden,NA,5090679,E09000007,Haverstock,E05000136,-0.15502351905747053,51.54480978684451,528032.8580912722,184491.86948102235,01/10/2021
St Martin's Theatre,West St,NA,NA,City of Westminster,https://www.the-mousetrap.co.uk/,5090739,E09000033,West End,E05000649,-0.12921562921709398,51.513350159133026,529911.7999782263,181038.96561879478,01/10/2021
Roundhouse,Chalk Farm Rd, Camden Town,NA,Camden,http://www.roundhouse.org.uk/,5109516,E09000007,Camden Town with Primrose Hill,E05000130,-0.1528914400038746,51.54354905371327,528184.2325501989,184355.4037175175,01/10/2021
Ambassadors Theatre,West St,NA,NA,City of Westminster,https://www.theambassadorstheatre.co.uk/Online/,5110511,E09000033,West End,E05000649,-0.1295693977545588,51.51350873810073,529886.8027849926,181055.97241422394,01/10/2021
Bridge House Theatre,2 High St,NA,NA,Bromley,https://www.bhtheatre.com/,100020000000,E09000006,Crystal Palace,E05000116,-0.0622302193400366,51.418584057898876,534838.446441436,170621.999449277,01/10/2021
Lauderdale House,Waterlow Park, Highgate Hill,NA,Camden,http://lauderdalehouse.org.uk/,5132343,E09000007,Highgate,E05000137,-0.14491124011958625,51.570165507552694,528662.4974205951,187329.2289097932,01/10/2021
Hampstead Theatre,Eton Avenue, Swiss Cottage,NA,Camden,https://www.hampsteadtheatre.com/,5134828,E09000007,Belsize,E05000128,-0.1739763621958205,51.544562560495,526719.3986462114,184431.4101980779,01/10/2021
Donmar Warehouse,41 Earlham St,NA,NA,Camden,https://www.donmarwarehouse.com/,5147687,E09000007,Holborn and Covent Garden,E05000138,-0.1273173410795329,51.514568180008915,530040.0452432882,181177.77888074727,01/10/2021
New Diorama Theatre,15-16 Triton St, London ,NA,Camden,http://www.newdiorama.com/,5155688,E09000007,Regent's Park,E05000142,-0.143924929318968,51.5254148784524,528857.1469650101,182354.59316193376,01/10/2021
Gillian Lynne Theatre,166 Drury Ln,NA,NA,Camden,http://www.reallyusefultheatres.co.uk/our-theatres/new-london,5157611,E09000007,Holborn and Covent Garden,E05000138,-0.1243786598230061,51.51594210606206,530240.022789121,181335.7815374086,01/10/2021
Camden People's Theatre,58-60 Hampstead Rd, Kings Cross,NA,Camden,https://www.cptheatre.co.uk/,5158137,E09000007,Regent's Park,E05000142,-0.1399723532255683,51.52689881428192,529127.1282928473,182526.56981612596,01/10/2021
Pentameters Theatre,The Horseshoe, 28 Heath St,NA,Camden,http://www.pentameters.co.uk/,5162760,E09000007,Frognal and Fitzjohns,E05000133,-0.18004119547055272,51.55628230425253,526266.4452692458,185724.20114566688,01/10/2021
Upstairs at The Gatehouse,Highgate Village,NA,NA,Haringey,http://www.upstairsatthegatehouse.com/,5166442,E09000014,Highgate,E05000272,-0.15193565469927509,51.57246809026717,528169.2429534472,187572.96604230296,01/10/2021
Platform Theatre,Central Saint Martin's, 1 Handyside St, Kings Cross,Camden,NA,5167112,E09000007,St. Pancras and Somers Town,E05000143,-0.12519607870094518,51.53743114924061,530122.055022951,183723.92788892094,01/10/2021
Wiltons Music Hall,1 Graces Alley, Whitechapel,NA,Tower Hamlets,https://www.wiltons.org.uk/,6006845,E09000030,Whitechapel,E05009336,-0.06855098152314887,51.5111242301771,534127.5366316,180900.81065584754,01/10/2021
Half Moon Young PeopleÃ¢€™s Theatre,43 White Horse Road,NA,NA,Tower Hamlets,http://www.halfmoon.org.uk/,6044554,E09000030,Stepney Green,E05009334,-0.04222055336179672,51.51423921425979,535945.2704405095,181295.75914956396,01/10/2021
The Half Moon,10 Half Moon Lane, Herne Hill,NA,Southwark,http://www.halfmoonhernehill.co.uk/,6044554,E09000028,Dulwich Village,E05011100,-0.0978911721042054,51.4533918452999,532258.4714416245,174427.60491598502,01/10/2021
The Space,269 Westferry Rd, Isle of Dogs,NA,Tower Hamlets,https://space.org.uk/,6060149,E09000030,Island Gardens,E05009324,-0.02581689990938972,51.49268042767557,537148.110013663,178929.02059179673,01/10/2021
The Yard Theatre,Unit 2A, QueenÃ¢€™s Yard,White Post Lane,Tower Hamlets,https://theyardtheatre.co.uk/,6077552,E09000030,Bow East,E05009319,-0.024359022337676145,51.54300955723465,537098.1324257983,184528.34767148615,01/10/2021
Chisenhale Dance Space,64-84 Chisenhale Rd,NA,NA,Tower Hamlets,http://www.chisenhaledancespace.co.uk/,6146768,E09000030,Bow West,E05009320,-0.0400691300878303,51.53413798560607,536035.2388139153,183512.54054595105,01/10/2021
Toynbee Studios,28 Commercial St,NA,NA,Tower Hamlets,https://www.artsadmin.co.uk/toynbee-studios,6183707,E09000030,Spitalfields & Banglatown,E05009333,-0.07392359297470671,51.517003617717734,533737.5277385504,181544.77218420518,01/10/2021
Rich Mix,35-47 Bethnal Green Rd, London,NA,Tower Hamlets,https://www.richmix.org.uk/,6192962,E09000030,Weavers,E05009335,-0.07541260710627984,51.524742821169056,533611.5751737367,182402.6617492024,01/10/2021
Grange Court Theatre ,Drama Studio London, Grange Court,NA,Ealing,NA,12084359,E09000009,Ealing Common,E05000174,-0.3054568839768728,51.509917155602686,517692.002499836,180359.4103029924,01/10/2021
The Questors Theatre,12 Mattock Ln,NA,NA,Ealing,http://www.questors.org.uk/,12084402,E09000009,Walpole,E05000192,-0.31124231002353125,51.51221678004136,517284.6338120518,180605.86543576815,01/10/2021
Lyric Hammersmith,Lyric Square, King St,NA,Hammersmith and Fulham,https://lyric.co.uk/,34027053,E09000013,Hammersmith Broadway,E05000256,-0.22787712260406484,51.49375939028386,523118.897225369,178690.06645736843,01/10/2021
Eventim Apollo,45 Queen Caroline Street, Hammersmith,NA,Hammersmith and Fulham,NA,34030384,E09000013,Hammersmith Broadway,E05000256,-0.22701032963284373,51.49099868707071,523186.50410725496,178384.52704034082,01/10/2021
Shepherds Bush Empire,Shepherd's Bush Green,NA,NA,Hammersmith and Fulham,https://academymusicgroup.com/o2shepherdsbushempire/,34030760,E09000013,Shepherd's Bush Green,E05000263,-0.22607049220849804,51.503937464738584,523216.8622986879,179824.92724805162,01/10/2021
Bush Theatre,7 Uxbridge Rd, Shepherd's Bush,NA,Hammersmith and Fulham,https://www.bushtheatre.co.uk/,34032421,E09000013,Shepherd's Bush Green,E05000263,-0.22704543078226302,51.5055342950238,523144.8980177881,180000.8594998382,01/10/2021
Barons Court Theatre,28a Comeragh Rd,NA,NA,Hammersmith and Fulham,http://www.offwestend.com/index.php/theatres/view/42,34128758,E09000013,North End,E05000258,-0.2123375178896296,51.48963907053891,524208.7802298567,178258.10067470098,01/10/2021
The Bhavan Centre,4A Castletown Rd, Hammersmith,NA,Hammersmith and Fulham,http://www.bhavan.net/,34140084,E09000013,North End,E05000258,-0.2081939313937273,51.48990811744111,524495.7030514921,178295.050565426,01/10/2021
Riverside Studios,101 Queen Caroline Street, Hammersmith,NA,Hammersmith and Fulham,http://www.riversidestudios.co.uk/,34153945,E09000013,North End,E05000258,-0.2081939313937273,51.48990811744111,524495.7030514921,178295.050565426,01/10/2021
Sainsbury Theatre,155 Talgarth Rd,NA,NA,Hammersmith and Fulham,https://www.lamda.ac.uk/hire-our-spaces,34160370,E09000013,Avonmore and Brook Green,E05000252,-0.21552325487419968,51.49106287784542,523983.7605910959,178411.03613244818,01/10/2021
Teatr Polski,Polish Centre, 238-46 King Street,NA,Hammersmith and Fulham,http://www.posk.org/c5/en/home/,34160956,E09000013,Ravenscourt Park,E05000261,-0.23901505573817486,51.49403513904844,522345.0123351129,178702.0789545966,01/10/2021
New Wimbledon Theatre,93 The Broadway, Wimbledon,NA,Merton,http://www.atgtickets.com/venues/new-wimbledon-theatre/,48008413,E09000024,Trinity,E05000471,-0.20289575274767788,51.41980862790408,525054.7072990158,170508.94108056754,01/10/2021
Polka Theatre,240 The Broadway, Wimbledon,NA,Merton,https://polkatheatre.com/,48008566,E09000024,Trinity,E05000471,-0.1960784350015646,51.420198742717,525527.6326703677,170563.96316548373,01/10/2021
Merton Arts Space,Compton Rd, Wimbledon,NA,Merton,https://arena.yourlondonlibrary.net/web/merton/merton-arts-space-wimbledon,48017144,E09000024,Hillside,E05000462,-0.20846541314417708,51.423743155778226,524656.76730752,170936.98276554805,01/10/2021
Collyer Hall Theatre,King's College School, Southside, Wimbledon Common,Merton,https://www.kcs.org.uk/the-kings-community/venue-hire/performance-venues,48065710,E09000024,Village,E05000472,-0.22770748483034164,51.42244792716742,523322.5039690012,170760.42691263906,01/10/2021
Lantern Arts Centre,Tolverne Road, Raynes Park,NA,Merton,https://www.lanternarts.org/,48111953,E09000024,Raynes Park,E05000469,-0.2314599239229045,51.411899082908896,523089.9443342346,169581.0590335686,01/10/2021
The Colour House Theatre,Merton Abbey Mills, Watermill Way,NA,Merton,http://www.colourhousetheatre.co.uk/,48112460,E09000024,Abbey,E05000455,-0.18476621267758112,51.41351460609228,526332.5462500576,169840.10136075027,01/10/2021
Bridewell Theatre,14 Bride Ln, Fleet St,NA,City and County of the City of London,http://www.sbf.org.uk/venue-hire/bridewell-theatre/,95511225,E09000001,Castle Baynard,E05009297,-0.10660338919514775,51.51401961793313,531478.8249516869,181153.7527873594,01/10/2021
The Red Hedgehog,255 - 257 Archway Road, Highgate,NA,Haringey,http://www.theredhedgehog.co.uk/,100021000000,E09000014,Highgate,E05000272,-0.14557858750118682,51.57665106807653,528597.963836408,188049.2788142559,01/10/2021
Milton Court,1 Milton Street,NA,NA,City and County of the City of London,https://www.barbican.org.uk/hire/venue-hire/venues/milton-court-concert-hall,95511391,E09000001,Cripplegate,E05009302,-0.09268289830907075,51.52054718619129,532425.7536955669,181904.70778518962,01/10/2021
Barbican Theatre,Silk St,NA,NA,City and County of the City of London,https://www.barbican.org.uk/,95512046,E09000001,Aldersgate,E05009288,-0.09571360542190653,51.520470169199285,532215.7254526775,181890.66478886234,01/10/2021
The Broadway,11-13 Broadway, Barking,NA,Barking and Dagenham,https://www.thebroadwaybarking.com/,100058301,E09000002,Abbey,E05000026,0.0757022762528122,51.536390321851414,544057.271034697,183984.49041798472,01/10/2021
Tara Theatre,356 Garratt Ln,NA,NA,Wandsworth,https://www.tara-arts.com/,121011012,E09000032,Earlsfield,E05000612,-0.18943917521719103,51.44228795092532,525928.5567605499,173031.6594957767,01/10/2021
Battersea Arts Centre,Lavender Hill,NA,NA,Wandsworth,https://www.bac.org.uk/,121015942,E09000032,Shaftesbury,E05000623,-0.16241482231889132,51.46567840164486,527741.3217691274,175679.42767510674,01/10/2021
Rose Theatre,24-26 High St, Kingston upon Thames,NA,Richmond upon Thames,https://www.rosetheatrekingston.org/,128029778,E09000027,Hampton Wick,E05000522,-0.3092911923487854,51.408777676331695,517685.6047045489,169106.1668619861,01/10/2021
All Saints Arts Centre,122 Oakleigh Rd North, Whetstone,NA,Barnet,NA,200088136,E09000003,Oakleigh,E05000058,-0.17525466208750679,51.63269014380219,526386.1398372478,194229.39103268093,01/10/2021
The Bull Theatre,68 High St, Barnet,NA,Barnet,https://www.thebulltheatre.com/,200148795,E09000003,High Barnet,E05000056,-0.20096385841041747,51.653603403545866,524549.6840363328,196510.93971361197,01/10/2021
artsdepot,5 Nether St, Tally Ho Corner, North Finchley,Barnet,https://www.artsdepot.co.uk/,200198999,E09000003,West Finchley,E05000061,-0.1778996827887166,51.61346126926521,526256.4239722519,192086.44641596742,01/10/2021
The Kiln,269 Kilburn High Rd, Kilburn,NA,Brent,https://kilntheatre.com/,202124574,E09000005,Kilburn,E05000094,-0.20199356192404672,51.54423111173105,524777.6416768447,184346.43632116436,01/10/2021
Millfield Theatre,Silver St, Edmonton,NA,Enfield,https://www.millfieldtheatre.co.uk/,207016763,E09000010,Haselbury,E05000201,-0.07990445779681846,51.616700680572905,533031.5753288502,192620.4747698339,01/10/2021
Intimate Theatre,521 Green Lanes, Palmers Green,NA,Enfield,http://www.smptheatre.co.uk/faqs/the-intimate-theatre/,207035876,E09000010,Winchmore Hill,E05000213,-0.10514943387139455,51.62504171624158,531259.8163103831,193502.37573356117,01/10/2021
Chickenshed Theatre,290 Chase Side, Southgate,NA,Enfield,https://www.chickenshed.org.uk/,207078080,E09000010,Cockfosters,E05000196,-0.14685179913905314,51.644930997223156,528317.1889139067,195640.1225493119,01/10/2021
Chelsea Theatre,7 World's End Place, King's Rd, Chelsea,Kensington and Chelsea,http://www.chelseatheatre.org.uk/,217005389,E09000020,Stanley,E05009405,-0.1812371902860874,51.48215635297819,526388.4843374552,177479.18148497137,01/10/2021
Opera Holland Park Theatre,Ilchester Place, Kensington,NA,Kensington and Chelsea,http://www.operahollandpark.com/,217038848,E09000020,Holland,E05009397,-0.20444934346071145,51.50115651634619,524724.9621883717,179552.2622256389,01/10/2021
The Playground Theatre,8 Latimer Industrial Estate, Latimer Rd,NA,Hammersmith and Fulham,http://theplaygroundtheatre.london/,217052352,E09000013,College Park and Old Oak,E05000253,-0.22600174803065223,51.518314118404724,523182.85910877417,181423.7601145871,01/10/2021
Print Room at the Coronet,103 Notting Hill Gate, Kensington,NA,Kensington and Chelsea,https://www.the-print-room.org/,217059398,E09000020,Pembridge,E05009400,-0.20048507588142672,51.508996446797,524978.6529188802,180430.83348617685,01/10/2021
The Tabernacle W11,34-35 Powis Square,NA,NA,Kensington and Chelsea,https://www.tabernaclew11.com/,217070132,E09000020,Colville,E05009392,-0.20314396319684555,51.51721062864502,524771.7070776023,181339.73493865284,01/10/2021
Royal Court Theatre,Sloane Square, Chelsea,NA,Kensington and Chelsea,https://royalcourttheatre.com/,217078033,E09000020,Royal Hospital,E05009403,-0.15799890356956667,51.49312267230601,527971.301704658,178738.9867453361,01/10/2021
Cadogan Hall,5 Sloane Terrace, Belgravia,NA,Kensington and Chelsea,https://www.cadoganhall.com/,217078765,E09000020,Royal Hospital,E05009403,-0.15910381480434369,51.49394057575294,527892.3149263161,178828.00942114153,01/10/2021
Drayton Arms Theatre,153 Old Brompton Road,NA,NA,Kensington and Chelsea,http://www.thedraytonarmstheatre.co.uk/index.php,217101579,E09000020,Redcliffe,E05009402,-0.18515721072684257,51.49115439458023,526091.5046167007,178473.0283142528,01/10/2021
Gate Theatre,11 Pembridge Rd, Notting Hill,NA,Kensington and Chelsea,https://www.gatetheatre.co.uk/,217105236,E09000020,Pembridge,E05009400,-0.199262214493141,51.510038369549356,525060.6577969017,180548.7842538196,01/10/2021
Finborough Theatre,118 Finborough Road, Kensington,NA,Kensington and Chelsea,http://www.finboroughtheatre.co.uk/,217112560,E09000020,Redcliffe,E05009402,-0.1911104669773156,51.48666972967394,525690.5571259484,177964.0974540012,01/10/2021
Almeida Theatre,Almeida St, Islington,NA,Islington,https://almeida.co.uk/,5300001086,E09000019,St. Mary's,E05000379,-0.10557006542963196,51.53995317672141,531475.8208536161,184039.44680433383,01/10/2021
Young Actors Theatre,70-72 Barnsbury Road,NA,NA,Islington,NA,5300006610,E09000019,Barnsbury,E05000366,-0.11253337725049989,51.53663920388601,531002.4665840035,183658.44240672234,01/10/2021
Union Chapel,19b Compton Terrace,NA,NA,Islington,http://www.unionchapel.org.uk/,5300023057,E09000019,St. Mary's,E05000379,-0.10433130667248795,51.544779687747315,531547.808032889,184578.39195745857,01/10/2021
The Little Angel Theatre,14 Dagmar Passage, Islington,NA,Islington,https://littleangeltheatre.com/,5300026580,E09000019,St. Mary's,E05000379,-0.10287731781767259,51.53952324655064,531663.7880029395,183996.47851667844,01/10/2021
Sadler's Wells Theatre,Rosebery Ave, Clerkenwell,NA,Islington,https://www.sadlerswells.com/,5300080047,E09000019,Clerkenwell,E05000370,-0.10787462474591503,51.529937122450505,531344.8318921399,182921.50990871363,01/10/2021
Rosemary Branch Theatre,2 Shepperton Rd,NA,NA,Islington,http://www.rosemarybranchtheatre.co.uk/,5300082551,E09000019,Canonbury,E05000369,-0.0885456507562827,51.538130387573894,532661.6623334868,183867.4855508983,01/10/2021
Old Red Lion,418 St John St, Clerkenwell,NA,Islington,http://www.oldredliontheatre.co.uk/,5300085363,E09000019,Barnsbury,E05000366,-0.10746070944324394,51.53191794150089,531367.8406863053,183142.5217485174,01/10/2021
Hen and Chickens Theatre,109 St Paul's Road,NA,NA,Islington,https://www.thehenandchickenstheatrebar.co.uk/,5300086694,E09000019,Highbury East,E05000372,-0.10313347488556027,51.54654050482146,531625.7831117348,184776.35400338995,01/10/2021
Kings Head Theatre,115 Upper St, Islington,NA,Islington,http://www.kingsheadtheatre.com/,5300094557,E09000019,St. Mary's,E05000379,-0.10447714085685696,51.53849633316568,531555.8086328467,183879.4070482144,01/10/2021
The Hope Theatre,207 Upper Street,NA,NA,Islington,http://www.thehopetheatre.com/,5300094879,E09000019,St. Mary's,E05000379,-0.10509521255758925,51.54408175712269,531496.8521466912,184499.4070789292,01/10/2021
Theatre Peckham,221 Havil St, Camberwell,NA,Southwark,https://www.theatrepeckham.co.uk/,10000811503,E09000028,St. Giles,E05011115,-0.08530628636911021,51.477518429714635,533062.6894212565,177133.25687991688,01/10/2021
Hampton Hill Theatre,90 High St, Hampton Hill, Hampton,Richmond upon Thames,http://www.hamptonhilltheatre.org.uk/,10002251133,E09000027,Fulwell and Hampton Hill,E05000518,-0.3565477155951328,51.42763904969559,514352.0425091402,171128.8605113933,01/10/2021
Richmond Theatre,Little Green, Richmond,NA,Richmond upon Thames,http://www.atgtickets.com/venues/richmond-theatre/,10002264543,E09000027,South Richmond,E05000528,-0.30538887741379117,51.46257946526371,517818.5524673076,175095.44153330562,01/10/2021
The Beck Theatre,Grange Rd, Hayes,NA,Hillingdon,https://becktheatre.org.uk/,10003001360,E09000017,Townfield,E05000339,-0.4233741268697176,51.52155420583695,509481.6069323767,181470.66440283752,01/10/2021
Alexandra Palace Theatre,Alexandra Palace, Alexandra Palace Way,NA,Haringey,http://www.alexandrapalace.com/,10003974918,E09000014,Alexandra,E05000266,-0.1321109644549455,51.5949839472599,529479.061495948,190111.7258551492,01/10/2021
Theatre N16 ,5 Ashley Road,NA,NA,Haringey,https://www.theatren16.co.uk/,10003979036,E09000014,Tottenham Hale,E05000281,-0.06274564864095836,51.59065970940856,534296.1931873193,189756.0035487981,01/10/2021
Rose Lipman Building,43 De Beauvoir Rd,NA,NA,Hackney,http://www.themillcoproject.co.uk/spaces/the-rose-lipman-building/,10008241945,E09000012,De Beauvoir,E05009371,-0.08319939163647931,51.5394745048292,533028.4900332942,184026.66870709445,01/10/2021
Hackney Arts Centre - EartH (Evolutionary Arts Hackney),11-17 Stoke Newington Road, Stoke Newington,NA,Hackney,https://www.hackneyartscentre.org/,10008300562,E09000012,Shacklewell,E05009382,-0.07699946636679565,51.55140177146531,533423.5669229804,185364.32054387953,01/10/2021
Shoreditch Town Hall,380 Old St,NA,NA,Hackney,https://shoreditchtownhall.com/,10008305130,E09000012,Hoxton East & Shoreditch,E05009377,-0.08128911318651678,51.527590515925816,533195.6316863977,182708.6151655058,01/10/2021
Church Street Theatre ,St Mary's Rectory, Stoke Newington Church Street,NA,Hackney,NA,10008310096,E09000012,Clissold,E05009369,-0.08601517193745228,51.5616174991879,532768.827301692,186483.91343986138,01/10/2021
Arcola Theatre,24 Ashwin St, Dalston,NA,Islington,https://www.arcolatheatre.com/,10008321023,E09000019,Mildmay,E05000377,-0.07694321896061931,51.5476061863884,533438.5565190893,184942.34385849274,01/10/2021
Network Theatre,246A Lower Rd, Waterloo,NA,Lambeth,https://networktheatre.org/,10008787031,E09000022,Bishop's,E05000416,-0.11388852202820463,51.502746116246115,531005.6752805491,179887.08323327126,01/10/2021
Brick Lane Music Hall,443 North Woolwich Road,NA,NA,Newham,https://www.bricklanemusichall.co.uk/,10008988100,E09000025,Royal Docks,E05000491,0.04118378843081843,51.502939622424655,541767.2094562652,180197.4258469498,01/10/2021
Stratford Circus Arts Centre,Theatre Square, Stratford,NA,Newham,https://stratford-circus.com/,10008996899,E09000025,Stratford and New Town,E05000492,-0.00015778421796739327,51.54344505535073,538774.921768417,184622.35874575598,01/10/2021
Theatre Royal Stratford East,Gerry Raffles Square,NA,NA,Newham,http://www.stratfordeast.com/,10009003230,E09000025,Stratford and New Town,E05000492,-0.0006377019617914577,51.54302209998728,538742.9295771841,184574.41515898495,01/10/2021
Unicorn Theatre,147 Tooley St,NA,NA,Southwark,https://www.unicorntheatre.com/,10009804074,E09000028,London Bridge & West Bermondsey,E05011104,-0.0828895130426624,51.50458885766454,533151.6662999397,180147.88825983694,01/10/2021
Greenwich Theatre,Crooms Hill,NA,NA,Greenwich,https://www.greenwichtheatre.org.uk/,10010200382,E09000011,Greenwich West,E05000222,-0.009243720086876964,51.479982816820986,538336.9912899958,177548.22656736337,01/10/2021
Edward Alderton Theatre,5 Brampton Rd, Bexleyheath,NA,Bexley,http://www.edwardalderton.org/,10011844980,E09000004,Crook Log,E05011223,0.12522884449574503,51.46207494816597,547731.8379354005,175819.37123835908,01/10/2021
Ralph Richardson Memorial Studios ,Mountview Theatre School, 104 Crouch Hill,NA,Haringey,NA,100021000000,E09000014,Crouch End,E05000269,-0.12348818803030576,51.57658776530412,530128.7790206951,188081.28550553275,01/10/2021
Rose Theatre,Lamorbey House, Burnt Oak Lane,NA,Bexley,https://www.bruford.ac.uk/,10011845091,E09000004,Blackfen & Lamorbey,E05011220,0.10484234502969537,51.43979204291358,546387.017200649,173300.65332070953,01/10/2021
Erith Playhouse,38-40 Erith High St, Erith,NA,Bexley,http://www.playhouse.org.uk/,10011845592,E09000004,Erith,E05011225,0.17938884477338768,51.48217555603904,551427.3362292213,178165.09059888736,01/10/2021
Pleasance Theatre,Carpenters Mews, North Rd,NA,Islington,https://www.pleasance.co.uk/,10012788835,E09000019,Holloway,E05000375,-0.12319656609249525,51.549246096147826,530226.9968936258,185041.32003178616,01/10/2021
Platform,Hornsey Road Baths, 2 Tiltman Place,NA,Islington,NA,10012794343,E09000019,Finsbury Park,E05000371,-0.11716880990199895,51.561773501942255,530609.0430902506,186445.14045082167,01/10/2021
Applecart Arts,170 Harold Rd,NA,NA,Newham,http://www.applecartarts.com/,10012836969,E09000025,Plaistow North,E05000489,0.02597421832926133,51.53441802465949,540614.718171761,183668.45640482608,01/10/2021
The Scoop,Queen's Walk,NA,NA,Lambeth,https://www.visitlondon.com/things-to-do/place/3720745-scoop,10013532078,E09000022,Bishop's,E05000416,-0.12083181322246857,51.50417225193464,530519.7295126425,180033.27739295078,01/10/2021
Broadway Theatre,Rushey Green,NA,NA,Lewisham,https://www.broadwaytheatre.org.uk/,10023226829,E09000023,Rushey Green,E05000451,-0.02292198347685574,51.44572095365428,537490.1035193837,173712.6012094593,01/10/2021
Stockwell Playhouse,208 Wandsworth Road,NA,NA,Lambeth,http://www.stockwellph.com/,10023851231,E09000022,Stockwell,E05000429,-0.13282344805855742,51.476485791651676,529766.0463160826,176933.21083566197,01/10/2021
Battersea Barge,Nine Elms Lane,NA,NA,Wandsworth,http://www.batterseabarge.com/bbevents/,10025500313,E09000032,Queenstown,E05000620,-0.13932526494566302,51.482659031617956,529297.1212478525,177608.19474965637,01/10/2021
London Palladium,Argyll St, Soho,NA,City of Westminster,http://london-palladium.co.uk/,10033529083,E09000033,West End,E05000649,-0.14189891815085287,51.514979885620114,529027.1645180428,181197.77537709347,01/10/2021
Britten Opera Theatre,Royal College of Music, Prince Consort Road,NA,City of Westminster,NA,100023000000,E09000033,Knightsbridge and Belgravia,E05000637,-0.17846505681994412,51.49979219073049,526532.1566976054,179445.1014528838,01/10/2021
Jermyn Street Theatre,16B Jermyn St, St. James's,NA,City of Westminster,http://www.jermynstreettheatre.co.uk/,10033536763,E09000033,West End,E05000649,-0.13651034134009232,51.509670474356206,529416.0798140089,180616.86883494369,01/10/2021
Harold Pinter Theatre,Panton St,NA,NA,City of Westminster,http://www.atgtickets.com/venues/harold-pinter-theatre/,10033540343,E09000033,St. James's,E05000644,-0.13327566087055495,51.509834514136855,529640.0710530804,180640.8298279558,01/10/2021
Gielgud Theatre,Shaftesbury Ave, Soho,NA,City of Westminster,https://www.delfontmackintosh.co.uk/theatres/gielgud-theatre/,10033543105,E09000033,West End,E05000649,-0.13480856380696835,51.512520235984766,529526.0867833152,180936.7732475446,01/10/2021
Vaudeville Theatre,404 Strand,NA,NA,City of Westminster,https://www.nimaxtheatres.com/theatres/vaudeville-theatre/,10033544051,E09000033,St. James's,E05000644,-0.12408358264298591,51.51085658102539,530274.9985794392,180770.79179080884,01/10/2021
Royal Opera House,Bow St,NA,NA,City of Westminster,http://www.roh.org.uk/,10033547198,E09000033,St. James's,E05000644,-0.1242606212540359,51.5135573287082,530255.0128849791,181070.80220936157,01/10/2021
Institute of Contemporary Arts,The Mall, St. James's,NA,City of Westminster,https://www.ica.art/,10033548625,E09000033,St. James's,E05000644,-0.13191574150498805,51.5071417909369,529742.0833250239,180343.80390877626,01/10/2021
Apollo Theatre,Shaftesbury Ave, Soho,NA,City of Westminster,https://www.nimaxtheatres.com/theatres/apollo-theatre/,10033548808,E09000033,West End,E05000649,-0.1349875350540233,51.51201028102943,529515.1144864735,180879.7492631222,01/10/2021
May Fair Theatre ,The May Fair Hotel, Stratton Street, Mayfair,City of Westminster,http://www.themayfairhotel.co.uk/en/may-fair-theatre.html,10033549456,E09000033,West End,E05000649,-0.14548365964491505,51.50802525819279,528798.0528808347,180418.10368953517,01/10/2021
Palace Theatre,Shaftesbury Ave, Soho,NA,City of Westminster,https://www.nimaxtheatres.com/theatres/palace-theatre/,10033553103,E09000033,West End,E05000649,-0.1312339360214543,51.513596199676506,529771.0605164131,181062.7481126354,01/10/2021
Soho Theatre,21 Dean Street,NA,NA,City of Westminster,https://sohotheatre.com/,10033554562,E09000033,West End,E05000649,-0.1345135108576875,51.51488794019928,529539.8444787739,181200.5862755489,01/10/2021
Theatre Royal Drury Lane ,Catherine St,NA,NA,City of Westminster,http://www.reallyusefultheatres.co.uk/our-theatres/theatre-royal,10033555899,E09000033,St. James's,E05000644,-0.12194784546272676,51.513385386373,530415.9751412395,181055.7971130706,01/10/2021
Puppet Theatre Barge,Blomfield Road (opposite 35),NA,NA,City of Westminster,http://www.puppetbarge.com/Controllers/homepage.php,10033556397,E09000033,Little Venice,E05000639,-0.18632704023412353,51.52224162322516,525924.5884621326,181927.970877864,01/10/2021
The Other Palace,12 Palace St, Westminster,NA,City of Westminster,https://www.theotherpalace.co.uk/,10033568019,E09000033,St. James's,E05000644,-0.1436924369635553,51.49923633609939,528947.1513395543,179443.91665277752,01/10/2021
The Lyceum Theatre,21 Wellington St,NA,NA,City of Westminster,https://www.thelyceumtheatre.com/,10033572107,E09000033,St. James's,E05000644,-0.12171983789887551,51.511933524202924,530435.9410356325,180894.7549567265,01/10/2021
Charing Cross Theatre,The Arches, Villiers St,NA,City of Westminster,http://www.charingcrosstheatre.co.uk/,10033582545,E09000033,St. James's,E05000644,-0.12570337812523896,51.508598762324276,530169.0359083966,180516.84116021788,01/10/2021
Criterion Theatre,218-223 Piccadilly, St. James's,NA,City of Westminster,https://www.criterion-theatre.co.uk/,10033582954,E09000033,West End,E05000649,-0.13529247074928957,51.51020844455167,529499.0636914273,180678.84401794424,01/10/2021
Sarah Siddons Theatre,City of Westminster College, Paddington Green Campus,NA,City of Westminster,https://www.cwc.ac.uk/private-hire/sarah-siddons-theatre,10033614767,E09000033,Little Venice,E05000639,-0.17602720387005577,51.521393700386966,526641.460367502,181851.4384984412,01/10/2021
Novello Theatre,Aldwych, London,NA,City of Westminster,http://www.novellotheatrelondon.info/,10033615106,E09000033,St. James's,E05000644,-0.12104092694342652,51.51301143715263,530479.9698237972,181015.8287237658,01/10/2021
Normansfield Theatre,The Langdon Down Centre, Normansfield, 2A Langdon Park,Richmond upon Thames,https://langdondowncentre.org.uk/normansfield-theatre/,10070711098,E09000027,Hampton Wick,E05000522,-0.31591283582533225,51.41950034239001,517197.6902392819,170287.97034347762,01/10/2021
QEH Southbank Centre,Belvedere Rd, Lambeth,NA,Lambeth,https://www.southbankcentre.co.uk/venues/queen-elizabeth-hall,10090198178,E09000022,Bishop's,E05000416,-0.11755264830887595,51.50717503787731,530738.7074526057,180373.03659871995,01/10/2021
"St Johns, Waterloo",73 Waterloo Rd, Lambeth,NA,Lambeth,NA,10090199534,E09000022,Bishop's,E05000416,-0.11357939838240583,51.50499811222206,531020.6712761126,180138.05926406366,01/10/2021
Park Theatre,Clifton Terrace, Finsbury Park,NA,Islington,https://www.parktheatre.co.uk/,10090266645,E09000019,Finsbury Park,E05000371,-0.11002081831889517,51.566172427772884,531091.8544587662,186947.10751458642,01/10/2021
Blue Elephant Theatre,59A Bethwin Rd, Camberwell,NA,Southwark,http://www.blueelephanttheatre.co.uk/,10090283293,E09000028,Camberwell Green,E05011096,-0.09989194158475824,51.48065992012816,532040.8041024649,177456.20419248217,01/10/2021
Canada Water Theatre,21 Surrey Quays Road,NA,NA,Southwark,http://canadawaterculturespace.org.uk/,10090284129,E09000028,Rotherhithe,E05011112,-0.05076847859334276,51.49832275299785,535399.3577867205,179510.00013703876,01/10/2021
Theatre Utopia,1 Matthews Yard, Croydon,NA,Croydon,http://www.matthewsyard.com/,10090382144,E09000008,Fairfield,E05011468,-0.10269837582561578,51.3726881079965,532156.8496673781,165444.64655787847,01/10/2021
The Bridge Theatre,3 Potters Fields Park,NA,NA,Southwark,https://bridgetheatre.co.uk/,10090749570,E09000028,London Bridge & West Bermondsey,E05011104,-0.0788308848323306,51.5041449176166,533434.6220226373,180105.91267157608,01/10/2021
The CLF Art CafÃÂ©,Block A, Bussey Building, 133 Rye Lane,Southwark,https://www.clfartcafe.org/theatre,10090750261,E09000028,Rye Lane,E05011113,-0.0698247345843988,51.47042120636875,534158.5333251378,176372.29058603017,01/10/2021
Sam Wanamaker Playhouse,21 New Globe Walk,NA,NA,Southwark,http://www.shakespearesglobe.com/theatre/whats-on/sam-wanamaker-playhouse,10090750983,E09000028,Borough & Bankside,E05011095,-0.0981810966698339,51.50862324904411,532078.7969879219,180568.8273473102,01/10/2021
The Vaults,Leake Street, Lamebth,NA,Lambeth,https://www.thevaults.london/,10091121720,E09000022,Bishop's,E05000416,-0.11755605740239879,51.50247047745965,530751.9330496698,179849.88014362543,01/10/2021
Cervantes Theatre,Arch 26, Old Union Arches, 229 Union Street,Southwark,http://www.cervantestheatre.com/,10091668523,E09000028,Borough & Bankside,E05011095,-0.10337947810822097,51.503860599984975,531731.8008826402,180029.8586941358,01/10/2021
Hackney Showroom,Hackney Downs Studios, Amhurst Terrace,NA,Hackney,NA,10091775026,E09000012,Stoke Newington,E05009385,-0.06973744167557235,51.55496024245703,533916.5939891574,185773.30863162072,01/10/2021
Bernie Grant Arts Centre,Town Hall Approach Rd, Tottenham Green,NA,Haringey,https://www.berniegrantcentre.co.uk/,10091817474,E09000014,Tottenham Green,E05000280,-0.07400867718298278,51.58808292873386,533523.5698983439,189448.8181324675,01/10/2021
London Theatre,443 New Cross Rd, New Cross,NA,Lewisham,http://www.thelondontheatre.com/,10091838199,E09000023,New Cross,E05000449,-0.031807110401728365,51.47634389435151,536781.1671099212,177101.2119888239,01/10/2021
Theatre503,503 Battersea Park Rd,NA,NA,Wandsworth,https://theatre503.com/,10091845630,E09000032,St. Mary's Park,E05000622,-0.16728283521041465,51.472443611027494,527384.3870643264,176423.2608732552,01/10/2021
Tabard Theatre,2 Bath Rd, Chiswick,NA,Hounslow,http://tabardtheatre.co.uk/,10091854897,E09000018,Chiswick Homefields,E05000348,-0.25505657114590613,51.496432560875355,521225.1277391607,178942.02538882202,01/10/2021
The Place,17 Duke's Rd, Bloomsbury,NA,Camden,https://www.theplace.org.uk/,10091861254,E09000007,St. Pancras and Somers Town,E05000143,-0.13056531111893058,51.527810909274656,529777.051917603,182644.6218842431,01/10/2021
Kings Place,90 York Way, Kings Cross,NA,Camden,https://www.kingsplace.co.uk/,10091871351,E09000007,St. Pancras and Somers Town,E05000143,-0.12357717761961304,51.53474842305999,530241.9780916604,183428.4837691338,01/10/2021
Battersea Power Station Village Hall,188 Kirtling St,NA,NA,Wandsworth,https://www.bac.org.uk/content/40704/to_archive/consultation_sessions_circus_west_village_hall_battersea_power_station,10091874090,E09000032,Queenstown,E05000620,-0.14227291210105691,51.481707079267956,529095.1449024924,177497.13917997677,01/10/2021
Regents Park Open Air Theatre,Inner Cir,NA,NA,City of Westminster,https://openairtheatre.com/,10091898189,E09000033,Regent's Park,E05000643,-0.15603980441207388,51.528807349274174,528007.2631950156,182710.5962645852,01/10/2021
Waterloo East Theatre,Brad St, Lambeth,NA,Lambeth,https://www.waterlooeast.co.uk/,10091908867,E09000022,Bishop's,E05000416,-0.11151769288476607,51.50460338652723,531164.8819368987,180097.85477525182,01/10/2021
Katzpace,Katzenjammers, 24 Southwark Street,NA,Southwark,https://www.katzpace.co.uk/,10093339191,E09000028,Borough & Bankside,E05011095,-0.09262457607560132,51.50540364069288,532473.7098825353,180220.83964104787,01/10/2021
Bunker Theatre,53A Southwark St,NA,NA,Southwark,https://www.bunkertheatre.com/,10093341165,E09000028,Borough & Bankside,E05011095,-0.09607722888139904,51.50517260421037,532234.7750467951,180188.91005016665,01/10/2021
Ryan Theatre,5 Yew Walk, Harrow,NA,Harrow,https://www.tagvenue.com/rooms/middlesex/1654/harrow-school/ryan-theatre,100021000000,E09000015,Harrow on the Hill,E05000289,-0.34130073258666443,51.57331898548574,515044.86472309433,187353.07070426823,01/10/2021
The Bread & Roses Theatre,68 Clapham Manor St,NA,NA,Lambeth,https://www.breadandrosestheatre.co.uk/,100022000000,E09000022,Clapham Town,E05000419,-0.13848221865285104,51.466909694859254,529400.1457199897,175858.32772685942,01/10/2021
The Royal Vauxhall Tavern,372 Kennington Lane, Vauxhall,NA,Lambeth,http://www.vauxhalltavern.com/,100022000000,E09000022,Prince's,E05000427,-0.12140522218124666,51.48700390363328,530528.9452103052,178123.12011177174,01/10/2021
White Bear Theatre,138 Kennington Park Rd, Kennington,NA,Lambeth,https://www.whitebeartheatre.co.uk/,100022000000,E09000022,Prince's,E05000427,-0.10965837054656741,51.487220086722886,531343.8489901775,178168.15009840572,01/10/2021
Landor Space,70 Landor Rd, Clapham North,NA,Lambeth,https://www.landorspace.com/,100022000000,E09000022,Larkhall,E05000425,-0.12763222771292285,51.46618085287746,530155.810013454,175796.49054363085,01/10/2021
Fellowship Inn,Randlesdown Rd,NA,NA,Lewisham,https://www.phoenixch.org.uk/community/fellowship-inn,100022000000,E09000023,Bellingham,E05000437,-0.021849411943753033,51.433231264811184,537602.1255862607,172325.76778828294,01/10/2021
Deaton Theatre,Forest School, College Place,NA,Waltham Forest,https://www.forest.org.uk/senior-school/news-events/facility-hire/,100023000000,E09000031,Wood Street,E05000609,0.007758791750455325,51.58609344906432,539193.6966556427,189380.0320521202,01/10/2021
The Yaa Centre,1 Chippenham Mews,NA,NA,City of Westminster,NA,100023000000,E09000033,Harrow Road,E05000635,-0.19666642788281158,51.52406349493783,525202.327658175,182112.84172711824,01/10/2021
Churchill Theatre,High Street, Bromley,NA,Bromley,https://churchilltheatre.co.uk/,100023000000,E09000006,Bromley Town,E05000109,0.01285566471615541,51.40428911545257,540102.7839105321,169173.11764250434,01/10/2021
Bromley Little Theatre,North Street, Bromley,NA,Bromley,http://bromleylittletheatre.org/,100023000000,E09000006,Bromley Town,E05000109,0.01363249810803662,51.4082146673247,540144.8136996051,169611.12212337827,01/10/2021
Theatre 62,Wickham Theatre Centre, Corkscrew Hill, West Wickham,Bromley,https://theatre62.wordpress.com/,100023000000,E09000006,West Wickham,E05000127,-0.011943755453455145,51.3734225856746,538470.9419516898,165693.6314905603,01/10/2021
Ashcroft Theatre (Fairfield Halls),Park Lane,NA,NA,Croydon,https://en.wikipedia.org/wiki/Ashcroft_Theatre,100023000000,E09000008,Fairfield,E05011468,-0.09738291688166564,51.37305114926197,532525.7504677614,165494.60294418893,01/10/2021
Geoffrey Whitworth Theatre,Beech Walk, Crayford,NA,Bexley,http://www.thegwt.org.uk/,100023000000,E09000004,Crayford,E05011222,0.1883775691691815,51.456057832683626,552138.2566397499,175279.4621842602,01/10/2021
Nursery Theatre,2  Finsbury Avenue ,NA,NA,Islington,http://thenurserytheatre.com/theatre/,100023000000,E09000019,Bunhill,E05000367,-0.08681444896265701,51.51992929438563,532834.6665845598,181846.63060140016,01/10/2021
Winterflood Theatre,City of London School, Queen Victoria Street,NA,City and County of the City of London,https://www.cityoflondonschool.org.uk/school-life/drama/winterflood-theatre,100023000000,E09000001,Castle Baynard,E05009297,-0.10094509503775877,51.51153824416853,531878.582942293,180887.9946605207,01/10/2021
CentrE17,1 Church Hill,NA,NA,Waltham Forest,https://thecentre17.com/,100023000000,E09000031,High Street,E05000599,-0.019990926343150462,51.58584387846819,537272.0905778958,189299.809973157,01/10/2021
"Mirth, Marvel and Maud",186 Hoe St, Walthamstow,NA,Waltham Forest,http://mirthmarvelandmaud.com/,100023000000,E09000031,William Morris,E05000608,-0.022018905831562477,51.587001674767116,537128.1301170149,189424.76193963038,01/10/2021
Redbridge Drama Centre,Churchfields, South Woodford,NA,Redbridge,http://www.redbridgedramacentre.co.uk/,100023000000,E09000026,Churchfields,E05011238,0.025399643869176123,51.598789500602805,540376.6672342086,190825.60555913503,01/10/2021
Hackney Empire,291 Mare St,NA,NA,Hackney,https://hackneyempire.co.uk/,100023000000,E09000012,Hackney Central,E05009372,-0.057085172016267866,51.546577257873956,534818.4043450705,184864.34838017955,01/10/2021
Chats Palace,Chats Palace Arts Centre, 42Ã¢€â44 BrooksbyÃ¢€™s Walk,NA,Hackney,https://chatspalace.com/,100023000000,E09000012,Homerton,E05009376,-0.04437854497360178,51.55063710292275,535687.3305081455,185339.27975082246,01/10/2021
Winston Churchill Theatre,Manor Farm, Pinn Way, Ruislip,Hillingdon,http://www.hillingdontheatres.uk/index.php/hire/our-spaces/wct/,100023000000,E09000017,Eastcote and East Ruislip,E05000329,-0.43031895496640676,51.5794431637199,508861.6212039321,187897.94235629507,01/10/2021
Kenneth More Theatre,Oakfield Road, Ilford,NA,Redbridge,https://www.kmtheatre.co.uk/,100023000000,E09000026,Ilford Town,E05011246,0.07101540572494508,51.560525556756566,543656.2735437306,186659.13179037726,01/10/2021
the cornerHOUSE Community Arts Centre,116 Douglas Rd, Surbiton,NA,Kingston upon Thames,http://www.thech.org/,100023000000,E09000021,Surbiton Hill,E05000413,-0.29561325729915205,51.3814061155264,518707.5248274937,166084.48148434644,01/10/2021
Cockpit Theatre,Gateforth St, Marylebone,NA,City of Westminster,http://thecockpit.org.uk/,100023000000,E09000033,Church Street,E05000634,-0.1708692755933803,51.524957453241264,526989.3709727059,182256.6650898269,01/10/2021
National Centre for Circus Arts ,Coronet Street,NA,NA,Hackney,NA,100023000000,E09000012,Hoxton West,E05009378,-0.0838679841879728,51.528030076155595,533015.4738351626,182752.80215350364,01/10/2021
Hoxton Hall,130 Hoxton St,NA,NA,Hackney,https://www.hoxtonhall.co.uk/,100023000000,E09000012,Hoxton East & Shoreditch,E05009377,-0.0816091668988306,51.53232500662257,533159.6196987946,183234.5180226253,01/10/2021
Courtyard Theatre,40 Pitfield St,NA,NA,Hackney,http://www.thecourtyard.org.uk/,100023000000,E09000012,Hoxton West,E05009378,-0.08498978715128114,51.528388442358555,532936.6198566773,182790.61364327325,01/10/2021
Tower Theatre ,16 Northwold Road,NA,NA,Hackney,http://www.towertheatre.org.uk/relo.htm,100023000000,E09000012,Stoke Newington,E05009385,-0.07354234928933352,51.563323449122905,533628.3557671588,186696.34868134023,01/10/2021
Jacksons Lane,269A Archway Rd, Highgate,NA,Haringey,https://www.jacksonslane.org.uk/,100023000000,E09000014,Highgate,E05000272,-0.14797529212998115,51.577612608047424,528429.1903817657,188151.9989858846,01/10/2021
Arthouse,159A Tottenham Lane,NA,NA,Haringey,NA,100023000000,E09000014,Hornsey,E05000273,-0.12154866956516953,51.582338135018,530246.7478869626,188724.2030300203,01/10/2021
Queen's Theatre Hornchurch ,Billet Ln, Hornchurch,NA,Havering,http://www.queens-theatre.co.uk/,100023000000,E09000016,St. Andrew's,E05000320,0.21779054439333426,51.5657199363651,553811.9997800445,187535.00245292712,01/10/2021
Young Vic,66 The Cut, Waterloo,NA,Lambeth,https://www.youngvic.org/,100023000000,E09000022,Bishop's,E05000416,-0.10887473666188882,51.50378940848611,531350.6382864498,180012.07529890048,01/10/2021
Blackheath Halls,23 Lee Rd, Blackheath,NA,Lewisham,NA,100023000000,E09000023,Blackheath,E05000438,0.007909575036997105,51.46530269217728,539572.8336526989,175948.32230134896,01/10/2021
Blackheath Halls,23 Lee Rd, Blackheath,NA,Lewisham,https://www.blackheathhalls.com/,100023000000,E09000023,Blackheath,E05000438,0.007909575036997105,51.46530269217728,539572.8336526989,175948.32230134896,01/10/2021
The Brockley Jack Theatre,410 Brockley Rd,NA,NA,Lewisham,http://www.brockleyjack.co.uk/,100023000000,E09000023,Crofton Park,E05000441,-0.04013948528394887,51.45394088416412,536269.2432501784,174594.49757146114,01/10/2021
Bob Hope Theatre,2 Wythfield Rd, Eltham,NA,Greenwich,http://www.bobhopetheatre.co.uk/,100023000000,E09000011,Eltham South,E05000219,0.04888525884825754,51.45000019851771,542466.4706675163,174325.51314131625,01/10/2021
Putney Arts Theatre,Ravenna Rd, Putney,NA,Wandsworth,http://www.putneyartstheatre.org.uk/,100023000000,E09000032,East Putney,E05000613,-0.22170317074438145,51.461026517403596,523635.85048618744,175060.5108456458,01/10/2021
Trafalgar Studios,14 Whitehall, Westminster,NA,City of Westminster,http://trafalgarentertainment.com/about-us/trafalgar-studios/,100023000000,E09000033,St. James's,E05000644,-0.12911301234742875,51.50697185527061,529937.0606716954,180329.8744121588,01/10/2021
Apollo Victoria,17 Wilton Rd, Pimlico,NA,City of Westminster,https://www.theapollovictoria.com/,100023000000,E09000033,Warwick,E05000647,-0.14425831465409358,51.49628760576857,528916.1922478202,179115.01874193398,01/10/2021
Her Majesty's Theatre,Haymarket, St. James's,NA,City of Westminster,http://www.reallyusefultheatres.co.uk/our-theatres/her-majestys,100023000000,E09000033,St. James's,E05000644,-0.1336126049007627,51.508634620890895,529620.0947587906,180506.8042645665,01/10/2021
Streatham Space Project,Sternhold Avenue,NA,NA,Lambeth,https://www.streathamspaceproject.co.uk/,100023000000,E09000022,Streatham Hill,E05000430,-0.12847473262437734,51.43917353860401,530174.0077072696,172791.77266119228,01/10/2021
Omnibus Theatre,1 Clapham Common North Side,NA,NA,Lambeth,https://omnibus-clapham.org/,100023000000,E09000022,Clapham Town,E05000419,-0.14454540532480598,51.4636699274074,528988.1441310238,175487.37372759584,01/10/2021
The Mary Wallace Theatre,The Embankment, Twickenham,NA,Richmond upon Thames,http://www.richmondshakespeare.org.uk/,100023000000,E09000027,Twickenham Riverside,E05000531,-0.32766426095161283,51.44699382936108,516310.80297621514,173326.68251530273,01/10/2021
St Mary's University ,Waldegrave Road, Twickenham,NA,Richmond upon Thames,NA,100023000000,E09000027,South Twickenham,E05000529,-0.33304484893455893,51.43617233565898,515964.3246682037,172114.74214275274,01/10/2021
Paul Robeson Theatre (The Arts Centre Hounslow),Treaty Centre, High St, Hounslow,Hounslow,http://www.hounslowartscentre.co.uk/,100023000000,E09000018,Hounslow Central,E05000358,-0.3646055759918872,51.46864495920792,513690.0828900179,175676.43557789188,01/10/2021
Isleworth Public Hall,South Street, Isleworth,NA,Hounslow,http://www.fusion-lifestyle.com/centres/isleworth-public-hall,100023000000,E09000018,Isleworth,E05000362,-0.32722502744674237,51.46928924053546,516284.7032859919,175806.72494044463,01/10/2021
Watermans Art Centre,40 High St, Brentford,NA,Hounslow,https://www.watermans.org.uk/,100023000000,E09000018,Brentford,E05000347,-0.2996288588843563,51.48627848953497,518157.50297508383,177740.09391566663,01/10/2021
Orange Tree Theatre,1 Clarence St, Richmond,NA,Richmond upon Thames,https://www.orangetreetheatre.co.uk/,100023000000,E09000027,North Richmond,E05000526,-0.30346020715456423,51.46489827440174,517946.5553323815,175356.40106223873,01/10/2021
Compass Theatre,Glebe Ave, Ickenham,NA,Hillingdon,http://www.hillingdontheatres.uk/,100023000000,E09000017,Ickenham,E05000333,-0.44144299583230084,51.5613488710283,508133.7410001039,185869.2393057444,01/10/2021
Peacock Theatre,Portugal St,NA,NA,Camden,http://peacocktheatre.com/,100023000000,E09000007,Holborn and Covent Garden,E05000138,-0.11959911469046225,51.515137268077986,530573.9337986793,181254.7917587525,01/10/2021
Aldwych Theatre,49 Aldwych,NA,NA,City of Westminster,https://www.nederlander.co.uk/aldwych-theatre,100023000000,E09000033,St. James's,E05000644,-0.1204699953287099,51.51358639460768,530517.9414135722,181080.78150605888,01/10/2021
Fortune Theatre,Russell St,NA,NA,City of Westminster,https://www.londontheatredirect.com/venue/52/fortune-theatre.aspx,100023000000,E09000033,St. James's,E05000644,-0.1223218172608624,51.513759345414734,530388.9596486192,181096.715902026,01/10/2021
Duchess Theatre,3-5 Catherine St,NA,NA,City of Westminster,https://www.nimaxtheatres.com/theatres/duchess-theatre/,100023000000,E09000033,St. James's,E05000644,-0.12134189119420632,51.51270146029003,530459.9725291923,180980.82303331204,01/10/2021
Adelphi Theatre,Strand, London,NA,City of Westminster,http://www.reallyusefultheatres.co.uk/our-theatres/adelphi,100023000000,E09000033,St. James's,E05000644,-0.1244245447812526,51.51063759528034,530251.9639857225,180745.83409765142,01/10/2021
Iris Theatre,St Paul's Church, Bedford Street, Covent Garden,City of Westminster,http://iristheatre.com/,100023000000,E09000033,St. James's,E05000644,-0.12533318606771207,51.51209234480673,530184.7683040639,180905.98815431085,01/10/2021
Wyndham's Theatre,Charing Cross Rd,NA,NA,City of Westminster,https://www.delfontmackintosh.co.uk/theatres/wyndhams-theatre/,100023000000,E09000033,St. James's,E05000644,-0.1298180350542819,51.511568413584925,529875.067688503,180839.76567311265,01/10/2021
Garrick Theatre,2 Charing Cross Rd,NA,NA,City of Westminster,https://www.nimaxtheatres.com/theatres/garrick-theatre/,100023000000,E09000033,St. James's,E05000644,-0.12938805369313983,51.510455525244765,529908.0678796754,180716.77390650695,01/10/2021
Arts Theatre,6-7 Great Newport St, London,NA,City of Westminster,https://artstheatrewestend.co.uk/,100023000000,E09000033,St. James's,E05000644,-0.12905413192893792,51.51264432776856,529925.0130747329,180960.7629400483,01/10/2021
Leicester Square Theatre,6 Leicester Pl,NA,NA,City of Westminster,http://www.leicestersquaretheatre.com/,100023000000,E09000033,St. James's,E05000644,-0.13167985723709952,51.511850354877566,529745.0791238752,180867.8185658034,01/10/2021
Duke of York's Theatre,St Martin's Ln,NA,NA,City of Westminster,http://www.atgtickets.com/venues/duke-of-yorks/,100023000000,E09000033,St. James's,E05000644,-0.12878711841979462,51.5107165109118,529949.0240684514,180746.86159820424,01/10/2021
London Coliseum ,St Martin's Ln,NA,NA,City of Westminster,https://www.eno.org/,100023000000,E09000033,St. James's,E05000644,-0.1278772016378012,51.51042255432006,530012.9989510113,180715.78790648316,01/10/2021
NoÃÂ«l Coward Theatre,85-88 St Martin's Ln,NA,NA,City of Westminster,http://www.noelcowardtheatre.co.uk/,100023000000,E09000033,St. James's,E05000644,-0.128820127726811,51.51131045526986,529945.0440694588,180812.85018025723,01/10/2021
Playhouse theatre,Northumberland Ave,NA,NA,City of Westminster,https://www.playhousetheatrelondon.com/,100023000000,E09000033,St. James's,E05000644,-0.12528839633683034,51.5074768743501,530201.0296995745,180392.82369426684,01/10/2021
Prince Edward Theatre,Old Compton St, Soho,NA,City of Westminster,http://www.princeedwardtheatre.co.uk/,100023000000,E09000033,West End,E05000649,-0.13253282091334742,51.514264114387764,529679.0414412266,181134.72069322318,01/10/2021
Prince of Wales Theatre,Coventry St,NA,NA,City of Westminster,https://www.delfontmackintosh.co.uk/theatres/prince-of-wales-theatre/,100023000000,E09000033,St. James's,E05000644,-0.13337766385438113,51.510510449544526,529631.0749553374,180715.81400753628,01/10/2021
Queen's Theatre ,51 Shaftesbury Ave, Soho,NA,City of Westminster,http://www.queenstheatre.co.uk/,100023000000,E09000033,West End,E05000649,-0.13450659214697128,51.51251524158,529547.053677611,180936.75184749992,01/10/2021
Lyric Theatre,29 Shaftesbury Ave, Soho,NA,City of Westminster,https://www.nimaxtheatres.com/theatres/lyric-theatre/,100023000000,E09000033,West End,E05000649,-0.13540049085214792,51.51178329476097,529487.1040941325,180853.77807024226,01/10/2021
Canal CafÃÂ© Theatre,2 Delamere Terrace,NA,NA,City of Westminster,https://canalcafetheatre.com/,100023000000,E09000033,Westbourne,E05000648,-0.18627770541574026,51.52168049755769,525929.5583608175,181865.6573948876,01/10/2021
Brookside Theatre,21A Eastern Rd, Romford,NA,Havering,http://www.brooksidetheatre.com/,100024000000,E09000016,Romford Town,E05000319,0.18360228075900625,51.57665761575345,551406.2959361378,188679.89984422567,01/10/2021
Laban Theatre,Laban Building, 30 Creekside,NA,Lewisham,https://www.trinitylaban.ac.uk/whats-on/our-venues/laban-theatre,100024000000,E09000023,New Cross,E05000449,-0.02168121540413649,51.47906871834874,537476.1261229855,177423.16890164977,01/10/2021
Sydenham Centre,44a Sydenham Road,NA,NA,Lewisham,https://www.lewisham.gov.uk/inmyarea/Pages/venue-detail.aspx?directoryid=5081,100024000000,E09000023,Sydenham,E05000452,-0.053283625983285635,51.426411386665166,535437.3791781792,171508.88291033782,01/10/2021
South London Theatre,The Old Fire Station, 2A Norwood High Street,NA,Croydon,http://www.southlondontheatre.co.uk/,100024000000,E09000008,South Norwood,E05011485,-0.07717903059696904,51.400919102494306,533850.6163075834,168630.23279248667,01/10/2021
Theatre Royal Haymarket,18 Suffolk St,NA,NA,City of Westminster,http://www.trh.co.uk/,100024000000,E09000033,St. James's,E05000644,-0.13284869232864002,51.50934256806414,529671.0949447312,180586.8806425747,01/10/2021
Savoy Theatre,Savoy Court, Strand,NA,City of Westminster,http://www.atg.co.uk/venues/london/savoy-theatre/,100024000000,E09000033,St. James's,E05000644,-0.12247673659403584,51.510678625900724,530387.0036488448,180753.86189509934,01/10/2021
The Albany,Douglas Way,NA,NA,Lewisham,https://www.thealbany.org.uk/,100024000000,E09000023,New Cross,E05000449,-0.029025428427221285,51.47839272901002,536968.1925598558,177334.23842555744,01/10/2021
London Theatre Workshop,88 Gracechurch Street Leadenhall Market,NA,NA,City and County of the City of London,http://londontheatreworkshop.co.uk/,200000000000,E09000001,Cornhill,E05009301,-0.08576441669209044,51.51334896595911,532926.662760158,181116.7958991761,01/10/2021
Harrow Arts Centre,171 Uxbridge road, Hatch End,NA,Harrow,https://harrowarts.com/,200000000000,E09000015,Hatch End,E05000291,-0.3640872283515281,51.60897493234853,513377.08857235685,191282.56843324238,01/10/2021
Above The Stag Theatre,72 Albert Embankment, Vauxhall,NA,Wandsworth,http://www.abovethestag.com/,200000000000,E09000032,Queenstown,E05000620,-0.12738245267705625,51.48312519057925,530125.0059209304,177681.17163166968,01/10/2021
Ovalhouse,52-54 Kennington Oval, London,NA,Lambeth,http://www.ovalhouse.com/,200000000000,E09000022,Oval,E05000426,-0.11875235766670912,51.484273221589945,530720.922357208,177824.19419493113,01/10/2021
The Old Vic,The Cut, Lambeth,NA,Lambeth,https://www.oldvictheatre.com/,200000000000,E09000022,Bishop's,E05000416,-0.1106267361802584,51.50244960180335,531232.8982187357,179859.94844066928,01/10/2021
National Theatre,Upper Ground, Lambeth,NA,Lambeth,NA,200001000000,E09000022,Bishop's,E05000416,-0.11566833815977796,51.507377052777706,530868.8894171017,180398.86519184633,01/10/2021
Walthamstow Assembly Hall,Town Hall, Forest Rd, Walthamstow,Waltham Forest,http://www.forestvenues.london/venues/walthamstow-assembly-hall-wah17,200001000000,E09000031,Chapel End,E05000592,-0.015091780305388151,51.59167048731068,537593.9023895764,189956.97249438497,01/10/2021
Ye Olde Rose and Crown,53 Hoe Street, Walthamstow,NA,Waltham Forest,http://www.yeolderoseandcrowntheatrepub.co.uk/,200001000000,E09000031,William Morris,E05000608,-0.0219549590383679,51.587486606512066,537131.1025161303,189478.80932493164,01/10/2021
Victoria Palace,Victoria St, Westminster,NA,City of Westminster,http://www.victoriapalacetheatre.co.uk/,200002000000,E09000033,St. James's,E05000644,-0.14394937226188534,51.4975144949599,528934.1754429918,179251.99380479683,01/10/2021
Andrew Lloyd Webber Foundation Theatre,Arts Ed, 14 Bath Rd, Chiswick,Hounslow,http://www.reallyusefultheatres.co.uk/our-group/andrew-lloyd-webber,200003000000,E09000018,Chiswick Homefields,E05000348,-0.2540036758023545,51.496470580233506,521298.1103191838,178947.9951870939,01/10/2021
Union Theatre,Old Union Arches, 229 Union St,NA,Southwark,http://www.uniontheatre.biz/,200003000000,E09000028,Borough & Bankside,E05011095,-0.10337947810822097,51.503860599984975,531731.8008826402,180029.8586941358,01/10/2021
LSMT,London School of Musical Theatre, 83 Borough Rd,NA,Southwark,https://www.lsmt.co.uk/,200003000000,E09000028,St. George's,E05011114,-0.10028968462705586,51.49951305784285,531958.7835219211,179551.97112354345,01/10/2021
Southwark Playhouse,77-85 Newington Causeway, London,NA,Southwark,http://southwarkplayhouse.co.uk/,200003000000,E09000028,St. George's,E05011114,-0.09978170345679611,51.498210191210504,531997.8031114319,179408.00666223286,01/10/2021
The Calder Bookshop & Theatre,51 The Cut,NA,NA,Lambeth,http://calderbookshop.com/,200003000000,E09000022,Bishop's,E05000416,-0.10831998476935922,51.50354554098729,531389.8389758175,179985.9519060701,01/10/2021
Shakespeares Globe,21 New Globe Walk,NA,NA,Southwark,http://www.shakespearesglobe.com/,200003000000,E09000028,Borough & Bankside,E05011095,-0.0981810966698339,51.50862324904411,532078.7969879219,180568.8273473102,01/10/2021
The Rose Playhouse,56 Park St,NA,NA,Southwark,http://www.roseplayhouse.org.uk/,200003000000,E09000028,Borough & Bankside,E05011095,-0.09786911044328343,51.50781832827308,532102.7736816551,180479.88247142674,01/10/2021
The MCT,Alleyn's School, Townley Road,NA,Southwark,https://mct.alleyns.org.uk/,200003000000,E09000028,Goose Green,E05011103,-0.08357669201920563,51.45529877946817,533247.4483728781,174665.58914991881,01/10/2021
"The Old Library, Theatre Deli",39 Wells Way,NA,NA,Southwark,https://www.theatredeli.co.uk/about-the-old-library,200003000000,E09000028,Faraday,E05011102,-0.08717436067960137,51.48312387788948,532916.6888649558,177753.19131220988,01/10/2021
Greenwood Theatre,55 Weston St,NA,NA,Southwark,https://www.kcl.ac.uk/greenwood/index.aspx,200003000000,E09000028,London Bridge & West Bermondsey,E05011104,-0.08750403497236084,51.50311794932499,532835.7041860137,179975.94180649566,01/10/2021
Menier Chocolate Factory,53 Southwark St,NA,NA,Southwark,https://www.menierchocolatefactory.com/,200004000000,E09000028,Borough & Bankside,E05011095,-0.09607722888139904,51.50517260421037,532234.7750467951,180188.91005016665,01/10/2021
Chiswick House,Chiswick House and Gardens, Burlington Lane, Chiswick,Hounslow,http://chiswickhouseandgardens.org.uk/,200004000000,E09000018,Chiswick Riverside,E05000349,-0.25892266672951636,51.48660866624159,520982.76010642387,177843.20078785863,01/10/2021
Old Sorting Office Barnes,49 Station Rd,NA,NA,Richmond upon Thames,http://www.osoarts.org.uk/,,E09000027,Mortlake and Barnes Common,E05000525,-0.24842813211950596,51.47279382625401,521748.09709600953,176324.33969987096,01/10/2021
